year,unit_id,name,admin_parent,admin_intermediate,admin_superparent,area_km2,reason
1700,adm_1700_014,Безымянный объект №14,Уездная сеть Сибири,Уездная сеть Сибири,Сибирский приказ / Русское царство,0.0,area_lt_50_km2_or_missing
1700,adm_1700_015,Безымянный объект №15,Уездная сеть Сибири,Уездная сеть Сибири,Сибирский приказ / Русское царство,0.013,area_lt_50_km2_or_missing
1700,adm_1700_018,Зона слабого контроля в Верхнем Енисее / Хакасии,Вне регулярной уездной сети,Зона слабого контроля,Южно-сибирский фронтир,32754.589,special_or_uncertain_status
1719,adm_1719_004,Спорная зона Берёзовского / Мангазейского уездов,Тобольская провинция,Тобольская провинция,Сибирская губерния,133682.37,special_or_uncertain_status
1719,adm_1719_005,Спорная зона Мангазейского / Берёзовского уездов,Тобольская провинция,Тобольская провинция,Сибирская губерния,47614.565,special_or_uncertain_status
1719,adm_1719_007,"Барабинская степь (уезд не указан, на территории находятся крепость Омская и Железинская)",Тобольская провинция,Территория без устойчивого уездного деления,Сибирская губерния,176416.566,special_or_uncertain_status
1719,adm_1719_008,Южно-сибирская зона слабого контроля,Тобольская провинция,Зона слабого контроля,Сибирская губерния,0.0,area_lt_50_km2_or_missing
1719,adm_1719_009,"Телеутская степь (уезд не указан, это левобережье оби между иртышом и обью), находятся крепость Семипалатинская, Ямышевская, и крепость Усть-Каменогорск",Тобольская провинция,Территория без устойчивого уездного деления,Сибирская губерния,148988.33,special_or_uncertain_status
1719,adm_1719_016,Неклассифицированные,Хлыновская провинция,Хлыновская провинция,Сибирская губерния,43.401,area_lt_50_km2_or_missing
1719,adm_1719_023,Енисейский уезд,Енисейская провинция,Енисейская провинция,Сибирская губерния,0.003,area_lt_50_km2_or_missing
1719,adm_1719_024,Томский уезд,Тобольская провинция,Тобольская провинция,Сибирская губерния,32.364,area_lt_50_km2_or_missing
1719,adm_1719_026,Зона неустойчивого контроля,Тобольская провинция,Зона неустойчивого контроля,Сибирская губерния,89111.693,special_or_uncertain_status
1724,adm_1724_004,Спорная зона Берёзовского / Мангазейского уездов,Тобольская провинция,Тобольская провинция,Сибирская губерния,133682.37,special_or_uncertain_status
1724,adm_1724_005,Спорная зона Мангазейского / Берёзовского уездов,Тобольская провинция,Тобольская провинция,Сибирская губерния,47614.565,special_or_uncertain_status
1724,adm_1724_007,"Барабинская степь (уезд не указан, на территории находятся крепость Омская и Железинская)",Енисейская провинция,Территория без устойчивого уездного деления,Сибирская губерния,176416.566,special_or_uncertain_status
1724,adm_1724_009,Южно-сибирская зона слабого контроля,Тобольская провинция,Зона слабого контроля,Сибирская губерния,0.0,area_lt_50_km2_or_missing
1724,adm_1724_010,"Телеутская степь (уезд не указан, это левобережье оби между иртышом и обью), находятся крепость Семипалатинская, Ямышевская, и крепость Усть-Каменогорск",Енисейская провинция,Территория без устойчивого уездного деления,Сибирская губерния,148988.33,special_or_uncertain_status
1724,adm_1724_018,Неклассифицированные,Вятская провинция,Вятская провинция,Сибирская губерния,43.401,area_lt_50_km2_or_missing
1724,adm_1724_025,Енисейский уезд,Енисейская провинция,Енисейская провинция,Сибирская губерния,0.003,area_lt_50_km2_or_missing
1724,adm_1724_026,Томский уезд,Енисейская провинция,Енисейская провинция,Сибирская губерния,32.364,area_lt_50_km2_or_missing
1724,adm_1724_028,Зона неустойчивого контроля,Тобольская провинция,Зона неустойчивого контроля,Сибирская губерния,89111.693,special_or_uncertain_status
1727,adm_1727_003,Спорная зона Берёзовского / Мангазейского уездов,Тобольская провинция,Тобольская провинция,Сибирская губерния,47614.565,special_or_uncertain_status
1727,adm_1727_005,Спорная зона Мангазейского / Берёзовского уездов,Тобольская провинция,Тобольская провинция,Сибирская губерния,133682.37,special_or_uncertain_status
1727,adm_1727_007,"Барабинская степь (уезд не указан, на территории находятся крепость Омская и Железинская)",Тобольская провинция,Территория без устойчивого уездного деления,Сибирская губерния,176416.566,special_or_uncertain_status
1727,adm_1727_009,Южно-сибирская зона слабого контроля,Тобольская провинция,Зона слабого контроля,Сибирская губерния,0.0,area_lt_50_km2_or_missing
1727,adm_1727_010,"Телеутская степь (уезд не указан, это левобережье оби между иртышом и обью), находятся крепость Семипалатинская, Ямышевская, и крепость Усть-Каменогорск",Тобольская провинция,Территория без устойчивого уездного деления,Сибирская губерния,148988.33,special_or_uncertain_status
1727,adm_1727_015,Енисейский уезд,Енисейская провинция,Енисейская провинция,Сибирская губерния,0.003,area_lt_50_km2_or_missing
1727,adm_1727_016,Томский уезд,Енисейская провинция,Енисейская провинция,Сибирская губерния,32.364,area_lt_50_km2_or_missing
1727,adm_1727_018,Зона неустойчивого контроля,Тобольская провинция,Зона неустойчивого контроля,Сибирская губерния,89111.693,special_or_uncertain_status
1745,adm_1745_002,Спорная зона Мангазейского уезда,Зона спорной принадлежности,Зона спорной принадлежности,Зона спорной принадлежности,135304.195,special_or_uncertain_status
1745,adm_1745_005,Степь казачьей орды,Степь казачьей орды,Зона слабого контроля,Южно-сибирский фронтир,450006.038,special_or_uncertain_status
1745,adm_1745_011,Колывано-воскресенский горный округ,Колывано-Воскресенское горное ведомство,Колывано-Воскресенское горное ведомство,Сибирская губерния / горное ведомство,67134.111,special_or_uncertain_status
1745,adm_1745_014,Екатеринбургское ведомство,Тобольская провинция,Тобольская провинция,Сибирская губерния,43069.042,v107_stat_scope: Екатеринбургское ведомство не считается обычной АТЕ сопоставимого ряда
1765,adm_1765_002,Мангазейский уезд,Зона спорной принадлежности,Зона спорной принадлежности,Зона спорной принадлежности,123539.026,special_or_uncertain_status
1765,adm_1765_005,Зона неустойчивого контроля,Сибирская губерния,Сибирская губерния,Сибирская губерния,5410.45,special_or_uncertain_status
1765,adm_1765_008,Исетская провинция,Оренбургская губерния,Исетская провинция,Оренбургская губерния,43481.416,v107_stat_scope: Исетская провинция исключена из сопоставимой статистики Западной Сибири
1765,adm_1765_010,Екатеринбургское ведомство,Тобольская провинция,Тобольская провинция,Сибирская губерния,52630.906,v107_stat_scope: Екатеринбургское ведомство не считается обычной АТЕ сопоставимого ряда
1780,adm_1780_001,Енисейская провинция,Колыванская область,Колыванская область,Колыванская область,2518027.727,special_or_uncertain_status
1780,adm_1780_002,Тобольская провинция,Колыванская область,Колыванская область,Колыванская область,1636340.414,special_or_uncertain_status
1780,adm_1780_007,Ирбитский уезд,Колыванская область,Колыванская область,Колыванская область,8020.99,special_or_uncertain_status
1780,adm_1780_008,Часть обозначенная в составе Тобольской провинции в 1775,Колыванская область,Колыванская область,Колыванская область,115111.642,special_or_uncertain_status
1780,adm_1780_009,Волости двоеданцев,Колыванская область,Колыванская область,Колыванская область,6944.367,special_or_uncertain_status
1780,adm_1780_010,Кузнецкий уезд,Колыванская область,Колыванская область,Сибирская губерния / Колыванская область,0.0,area_lt_50_km2_or_missing
1780,adm_1780_011,Волости двоеданцев,Колыванская область,Колыванская область,Колыванская область,4651.417,special_or_uncertain_status
1780,adm_1780_012,Пограничная территория Российской империи и империи Цин,Колыванская область,Колыванская область,Колыванская область,2196.983,special_or_uncertain_status
1783,adm_1783_022,Бийский уезд,Колыванское наместничество,Колыванское наместничество,Колыванское наместничество,0.0,area_lt_50_km2_or_missing
1783,adm_1783_023,Волости двоеданцев,Колыванская область,Колыванская область,Колыванская область,6929.325,special_or_uncertain_status
1783,adm_1783_024,Волости двоеданцев,Колыванская область,Колыванская область,Колыванская область,4651.416,special_or_uncertain_status
1783,adm_1783_025,Пограничная территория между Россией и империей Цин,Колыванская область,Колыванская область,Колыванская область,2196.984,special_or_uncertain_status
1798,adm_1798_002,Неясные границы,Тобольская губерния,Тобольская губерния,Тобольская губерния,52995.033,special_or_uncertain_status
1798,adm_1798_018,Томский уезд,Тобольская губерния,Томская область,Тобольская губерния,0.425,area_lt_50_km2_or_missing
1798,adm_1798_019,Территория со спорным статусом,Тобольская губерния,Тобольская губерния,Тобольская губерния,3607.498,special_or_uncertain_status
1798,adm_1798_022,Волости двоеданцев,Тобольская губерния,Тобольская губерния,Тобольская губерния,8306.172,special_or_uncertain_status
1798,adm_1798_023,Волости двоеданцев,Тобольская губерния,Тобольская губерния,Тобольская губерния,4651.417,special_or_uncertain_status
1805,adm_1805_002,Неясная принадлежность границ,Зона спорной / неясной принадлежности,Зона спорной / неясной принадлежности,Зона спорной / неясной принадлежности,52995.031,special_or_uncertain_status
1805,adm_1805_003,Неясная принадлежность границ,Зона спорной / неясной принадлежности,Зона спорной / неясной принадлежности,Зона спорной / неясной принадлежности,18547.668,special_or_uncertain_status
1805,adm_1805_022,Неясная принадлежность границ,Зона спорной / неясной принадлежности,Зона спорной / неясной принадлежности,Зона спорной / неясной принадлежности,10833.554,special_or_uncertain_status
1805,adm_1805_023,Тарский уезд,Зона спорной / неясной принадлежности,Зона спорной / неясной принадлежности,Зона спорной / неясной принадлежности,1357.483,special_or_uncertain_status
1805,adm_1805_024,Березовский уезд,Зона спорной / неясной принадлежности,Зона спорной / неясной принадлежности,Зона спорной / неясной принадлежности,18507.033,special_or_uncertain_status
1805,adm_1805_025,Нарымский уезд,Зона спорной / неясной принадлежности,Зона спорной / неясной принадлежности,Зона спорной / неясной принадлежности,3732.645,special_or_uncertain_status
1805,adm_1805_026,Волости двоеданцев,Верхний уровень не указан,Верхний уровень не указан,Верхний уровень не указан,12945.699,special_or_uncertain_status
1809,adm_1809_018,Волости двоеданцев,Верхний уровень не указан,Верхний уровень не указан,Верхний уровень не указан,4648.928,special_or_uncertain_status
1809,adm_1809_019,Волости двоеданцев,Верхний уровень не указан,Верхний уровень не указан,Верхний уровень не указан,8289.003,special_or_uncertain_status
1821,adm_1821_002,Неясная принадлежность границ,Зона спорной / неясной принадлежности,Зона спорной / неясной принадлежности,Зона спорной / неясной принадлежности,52995.031,special_or_uncertain_status
1821,adm_1821_003,Неясная принадлежность границ,Зона спорной / неясной принадлежности,Зона спорной / неясной принадлежности,Зона спорной / неясной принадлежности,18547.668,special_or_uncertain_status
1821,adm_1821_019,Неясная принадлежность границ,Зона спорной / неясной принадлежности,Зона спорной / неясной принадлежности,Зона спорной / неясной принадлежности,10833.554,special_or_uncertain_status
1821,adm_1821_020,Неясная принадлежность границ,Зона спорной / неясной принадлежности,Зона спорной / неясной принадлежности,Зона спорной / неясной принадлежности,1357.483,special_or_uncertain_status
1821,adm_1821_021,Березовский уезд,Зона спорной / неясной принадлежности,Зона спорной / неясной принадлежности,Зона спорной / неясной принадлежности,18507.033,special_or_uncertain_status
1821,adm_1821_022,Неясная принадлежность границ,Зона спорной / неясной принадлежности,Зона спорной / неясной принадлежности,Зона спорной / неясной принадлежности,3732.645,special_or_uncertain_status
1821,adm_1821_023,Волости двоеданцев,Верхний уровень не указан,Верхний уровень не указан,Верхний уровень не указан,12945.699,special_or_uncertain_status
1821,adm_1821_025,Волости двоеданцев,Томская губерния,Томская губерния,Томская губерния,10407.701,special_or_uncertain_status
1821,adm_1821_026,Волости двоеданцев,Верхний уровень не указан,Верхний уровень не указан,Верхний уровень не указан,15494.084,special_or_uncertain_status
1838,adm_1838_009,Де-юре территория бийского округа,Томская губерния,Бийский округ,Томская губерния,10407.701,special_or_uncertain_status
1838,adm_1838_017,Волости двоеданцев,Томская губерния,Бийский округ,Томская губерния,8294.579,special_or_uncertain_status
1838,adm_1838_018,Волости двоеданцев,Томская губерния,Бийский округ,Томская губерния,15494.084,special_or_uncertain_status
1838,adm_1838_022,Акмолинский внешний округ,Омская область,Внешние округа Омской области,Омская область,120776.434,special_or_uncertain_status
1838,adm_1838_023,Кокчетавский внешний округ,Омская область,Внешние округа Омской области,Омская область,169806.935,special_or_uncertain_status
1838,adm_1838_024,Аягузский внешний округ,Омская область,Внешние округа Омской области,Омская область,134619.392,special_or_uncertain_status
1838,adm_1838_025,Баянаульский внешний округ,Омская область,Внешние округа Омской области,Омская область,50509.291,special_or_uncertain_status
1838,adm_1838_026,Каркаралинский внешний округ,Омская область,Внешние округа Омской области,Омская область,66644.948,special_or_uncertain_status
1848,adm_1848_2,Киргизская степь,Киргизская степь,Степная периферия,Южно-сибирский фронтир,1179423.018,special_or_uncertain_status
1848,adm_1848_15,Волости двоеданцев,Томская губерния,Бийский округ,Томская губерния,39446.823,special_or_uncertain_status
1848,adm_1848_18,Волости двоеданцев,Томская губерния,Бийский округ,Томская губерния,39446.823,special_or_uncertain_status
1855,adm_1855_24,Волости двоеданцев,Верхний уровень не указан,Верхний уровень не указан,Верхний уровень не указан,39446.818,double_tax_or_dual_affiliation_by_name
1897,adm_1897_10,,,,,193.78,missing_name_or_unit_type
1897,adm_1897_12,,,,,96.53,missing_name_or_unit_type
1897,adm_1897_22,,,,,0.0,area_lt_50_km2_or_missing
1914,adm_1914_28,,,,,0.1,area_lt_50_km2_or_missing
1918,adm_1918_3,"Бухтарминский уезд, переданный в 1920 г. в Семипалатинскую область",Алтайская губерния,Алтайская губерния,РСФСР,15688.953,transferred_to_semipalatinsk_context
1918,adm_1918_10,Алтайская губерния,Алтайская губерния,Алтайская губерния,РСФСР,44.624,area_lt_50_km2_or_missing
1918,adm_1918_12,Территория переданная в Семипалатинскую губернию в сентябре 1918 г.,Алтайская губерния,Алтайская губерния,РСФСР,2271.357,transferred_to_semipalatinsk_context
1918,adm_1918_13,Территории переданные Семипалатинской области в 1925 гг.,Алтайская губерния,Алтайская губерния,РСФСР,1448.795,transferred_to_semipalatinsk_context
1918,adm_1918_14,"Часть Змеиногорского уезда, переданная в 1920 г. в Семипалатинскую область",Алтайская губерния,Алтайская губерния,РСФСР,18805.598,transferred_to_semipalatinsk_context
1918,adm_1918_15,Территории переданные Семипалатинской области в 1925 гг.,Алтайская губерния,Алтайская губерния,РСФСР,324.67,transferred_to_semipalatinsk_context
1918,adm_1918_24,Спорная территория между Кузнецким и Щегловским уездом,Томская губерния,Томская губерния,РСФСР,2641.294,uncertain_or_disputed_by_name
1918,urban_1918_1,Барабинск,Томская губерния,Томская губерния,РСФСР,28.238,area_lt_50_km2_or_missing
1918,urban_1918_2,Барнаул,Алтайская губерния,Алтайская губерния,РСФСР,28.238,area_lt_50_km2_or_missing
1918,urban_1918_3,Берёзов,Тобольская губерния,Тобольская губерния,РСФСР,28.238,area_lt_50_km2_or_missing
1918,urban_1918_4,Бийск,Алтайская губерния,Алтайская губерния,РСФСР,28.238,area_lt_50_km2_or_missing
1918,urban_1918_5,Ишим,Тобольская губерния,Тобольская губерния,РСФСР,28.238,area_lt_50_km2_or_missing
1918,urban_1918_6,Каинск / Куйбышев,Томская губерния,Томская губерния,РСФСР,28.238,area_lt_50_km2_or_missing
1918,urban_1918_7,Камень-на-Оби,Алтайская губерния,Алтайская губерния,РСФСР,28.238,area_lt_50_km2_or_missing
1918,urban_1918_8,Кузнецк / Сталинск / Новокузнецк,Томская губерния,Томская губерния,РСФСР,28.238,area_lt_50_km2_or_missing
1918,urban_1918_9,Мариинск,Томская губерния,Томская губерния,РСФСР,28.238,area_lt_50_km2_or_missing
1918,urban_1918_10,Ново-Николаевск / Новосибирск,Томская губерния,Томская губерния,РСФСР,28.238,area_lt_50_km2_or_missing
1918,urban_1918_11,Омск,Тобольская губерния,Тобольская губерния,РСФСР,28.238,area_lt_50_km2_or_missing
1918,urban_1918_12,Славгород,Алтайская губерния,Алтайская губерния,РСФСР,28.238,area_lt_50_km2_or_missing
1918,urban_1918_13,Тара,Тобольская губерния,Тобольская губерния,РСФСР,28.238,area_lt_50_km2_or_missing
1918,urban_1918_14,Татарск,Томская губерния,Томская губерния,РСФСР,28.238,area_lt_50_km2_or_missing
1918,urban_1918_15,Тобольск,Тобольская губерния,Тобольская губерния,РСФСР,28.238,area_lt_50_km2_or_missing
1918,urban_1918_16,Томск,Томская губерния,Томская губерния,РСФСР,28.238,area_lt_50_km2_or_missing
1918,urban_1918_17,Тюкалинск,Тобольская губерния,Тобольская губерния,РСФСР,28.238,area_lt_50_km2_or_missing
1918,urban_1918_18,Тюмень,Тобольская губерния,Тобольская губерния,РСФСР,28.238,area_lt_50_km2_or_missing
1918,urban_1918_19,Ялуторовск,Тобольская губерния,Тобольская губерния,РСФСР,28.238,area_lt_50_km2_or_missing
1923,adm_1923_27,Неясная принадлежность территории на момент 1923 г. между Томской и Ново-Николаевской губернией,Губернии и автономные области,Губернии и автономные области,РСФСР,2699.71,uncertain_or_disputed_by_name
1923,adm_1923_28,Спорная территория между Ново-Николаевской и Омской губерниями,Губернии и автономные области,Губернии и автономные области,РСФСР,6044.777,uncertain_or_disputed_by_name
1923,adm_1923_29,Спорная территория между Ново-Николаевской и Омской губерниями,Губернии и автономные области,Губернии и автономные области,РСФСР,2460.233,uncertain_or_disputed_by_name
1923,urban_1923_1,Барабинск,Ново-Николаевская губерния,Ново-Николаевская губерния,РСФСР,28.238,area_lt_50_km2_or_missing
1923,urban_1923_2,Барнаул,Алтайская губерния,Алтайская губерния,РСФСР,28.238,area_lt_50_km2_or_missing
1923,urban_1923_3,Бийск,Алтайская губерния,Алтайская губерния,РСФСР,28.238,area_lt_50_km2_or_missing
1923,urban_1923_4,Ишим,Тюменская губерния,Тюменская губерния,РСФСР,28.238,area_lt_50_km2_or_missing
1923,urban_1923_5,Каинск / Куйбышев,Ново-Николаевская губерния,Ново-Николаевская губерния,РСФСР,28.238,area_lt_50_km2_or_missing
1923,urban_1923_6,Камень-на-Оби,Ново-Николаевская губерния,Ново-Николаевская губерния,РСФСР,28.238,area_lt_50_km2_or_missing
1923,urban_1923_7,Кузнецк / Сталинск / Новокузнецк,Томская губерния,Томская губерния,РСФСР,28.238,area_lt_50_km2_or_missing
1923,urban_1923_8,Мариинск,Томская губерния,Томская губерния,РСФСР,28.238,area_lt_50_km2_or_missing
1923,urban_1923_9,Ново-Николаевск / Новосибирск,Ново-Николаевская губерния,Ново-Николаевская губерния,РСФСР,28.238,area_lt_50_km2_or_missing
1923,urban_1923_10,Омск,Омская губерния,Омская губерния,РСФСР,28.238,area_lt_50_km2_or_missing
1923,urban_1923_11,Славгород,Омская губерния,Омская губерния,РСФСР,28.238,area_lt_50_km2_or_missing
1923,urban_1923_12,Тара,Омская губерния,Омская губерния,РСФСР,28.238,area_lt_50_km2_or_missing
1923,urban_1923_13,Татарск,Омская губерния,Омская губерния,РСФСР,28.238,area_lt_50_km2_or_missing
1923,urban_1923_14,Тобольск,Тюменская губерния,Тюменская губерния,РСФСР,28.238,area_lt_50_km2_or_missing
1923,urban_1923_15,Томск,Томская губерния,Томская губерния,РСФСР,28.238,area_lt_50_km2_or_missing
1923,urban_1923_16,Тюкалинск,Омская губерния,Омская губерния,РСФСР,28.238,area_lt_50_km2_or_missing
1923,urban_1923_17,Тюмень,Тюменская губерния,Тюменская губерния,РСФСР,28.238,area_lt_50_km2_or_missing
1923,urban_1923_18,Щегловск / Кемерово,Томская губерния,Томская губерния,РСФСР,28.238,area_lt_50_km2_or_missing
1923,urban_1923_19,Ялуторовск,Тюменская губерния,Тюменская губерния,РСФСР,28.238,area_lt_50_km2_or_missing
1926,adm_1926_100,Звериноголовский,Курганский округ,Курганский округ,Уральская область,2785.26,v104_stat_scope_exclusion
1926,adm_1926_115,Половинский,Курганский округ,Курганский округ,Уральская область,2075.27,v104_stat_scope_exclusion
1926,adm_1926_117,Глядянский,Курганский округ,Курганский округ,Уральская область,1972.54,v104_stat_scope_exclusion
1926,adm_1926_118,Лопатинский,Курганский округ,Курганский округ,Уральская область,2297.61,v104_stat_scope_exclusion
1926,adm_1926_120,Куртамышский,Курганский округ,Курганский округ,Уральская область,1685.56,v104_stat_scope_exclusion
1926,adm_1926_126,Утятский,Курганский округ,Курганский округ,Уральская область,1710.57,v104_stat_scope_exclusion
1926,adm_1926_139,Макушинский,Курганский округ,Курганский округ,Уральская область,2599.1,v104_stat_scope_exclusion
1926,adm_1926_141,Варгашинский,Курганский округ,Курганский округ,Уральская область,1628.87,v104_stat_scope_exclusion
1926,adm_1926_143,Лебяжьевский,Курганский округ,Курганский округ,Уральская область,2094.39,v104_stat_scope_exclusion
1926,adm_1926_152,Юргамышский,Курганский округ,Курганский округ,Уральская область,2019.01,v104_stat_scope_exclusion
1926,adm_1926_154,Чаусовский,Курганский округ,Курганский округ,Уральская область,2882.63,v104_stat_scope_exclusion
1926,adm_1926_157,Песчанский,Шадринский округ,Шадринский округ,Уральская область,1367.47,v104_stat_scope_exclusion
1926,adm_1926_167,Мокроусовский,Курганский округ,Курганский округ,Уральская область,2399.4,v104_stat_scope_exclusion
1926,adm_1926_169,Батуринский,Шадринский округ,Шадринский округ,Уральская область,1251.75,v104_stat_scope_exclusion
1926,adm_1926_173,Верхтеченский,Шадринский округ,Шадринский округ,Уральская область,981.38,v104_stat_scope_exclusion
1926,adm_1926_176,Марайский,Курганский округ,Курганский округ,Уральская область,2095.37,v104_stat_scope_exclusion
1926,adm_1926_180,Каргопольский,Шадринский округ,Шадринский округ,Уральская область,1863.48,v104_stat_scope_exclusion
1926,adm_1926_183,Белоярский,Шадринский округ,Шадринский округ,Уральская область,1244.52,v104_stat_scope_exclusion
1926,adm_1926_188,Чашинский,Курганский округ,Курганский округ,Уральская область,1618.13,v104_stat_scope_exclusion
1926,adm_1926_189,Белозерский,Курганский округ,Курганский округ,Уральская область,2466.49,v104_stat_scope_exclusion
1926,adm_1926_192,Исетский,Шадринский округ,Шадринский округ,Уральская область,1519.33,v104_stat_scope_exclusion
1926,adm_1926_195,Багарякский,Шадринский округ,Шадринский округ,Уральская область,1530.06,v104_stat_scope_exclusion
1926,adm_1926_2,,,,,674.72,missing_name_or_unit_type
1926,adm_1926_202,Долматовский,Шадринский округ,Шадринский округ,Уральская область,1474.49,v104_stat_scope_exclusion
1926,adm_1926_203,Катайский,Шадринский округ,Шадринский округ,Уральская область,1771.34,v104_stat_scope_exclusion
1926,adm_1926_206,Мехонский,Шадринский округ,Шадринский округ,Уральская область,1597.08,v104_stat_scope_exclusion
1926,adm_1926_207,Ольховский,Шадринский округ,Шадринский округ,Уральская область,1974.85,v104_stat_scope_exclusion
1926,adm_1926_210,Покровский,Шадринский округ,Шадринский округ,Уральская область,1041.91,v104_stat_scope_exclusion
1926,adm_1926_222,Четкаринский,Шадринский округ,Шадринский округ,Уральская область,1502.87,v104_stat_scope_exclusion
1926,adm_1926_223,Каменский,Шадринский округ,Шадринский округ,Уральская область,1751.65,v104_stat_scope_exclusion
1926,adm_1926_224,Буткинский,Шадринский округ,Шадринский округ,Уральская область,1609.04,v104_stat_scope_exclusion
1926,adm_1926_237,Курьинский,Шадринский округ,Шадринский округ,Уральская область,1314.4,v104_stat_scope_exclusion
1926,adm_1926_241,Камышловский,Шадринский округ,Шадринский округ,Уральская область,1905.52,v104_stat_scope_exclusion
1926,adm_1926_242,Пышминский,Шадринский округ,Шадринский округ,Уральская область,1174.27,v104_stat_scope_exclusion
1926,adm_1926_251,Заводоирбитский (Ирбитско-Заводский),Ирбитский округ,Ирбитский округ,Уральская область,1473.59,v104_stat_scope_exclusion
1926,adm_1926_253,Байкаловский,Ирбитский округ,Ирбитский округ,Уральская область,1088.3,v104_stat_scope_exclusion
1926,adm_1926_254,Зайковский,Ирбитский округ,Ирбитский округ,Уральская область,1360.38,v104_stat_scope_exclusion
1926,adm_1926_259,Еланский,Ирбитский округ,Ирбитский округ,Уральская область,1183.74,v104_stat_scope_exclusion
1926,adm_1926_262,Ирбитский,Ирбитский округ,Ирбитский округ,Уральская область,1939.32,v104_stat_scope_exclusion
1926,adm_1926_263,Невьянский,Ирбитский округ,Ирбитский округ,Уральская область,1331.68,v104_stat_scope_exclusion
1926,adm_1926_267,Слободотуринский,Ирбитский округ,Ирбитский округ,Уральская область,2571.44,v104_stat_scope_exclusion
1926,adm_1926_270,Туринский,Ирбитский округ,Ирбитский округ,Уральская область,3082.96,v104_stat_scope_exclusion
1926,adm_1926_271,Тавдинский,Ирбитский округ,Ирбитский округ,Уральская область,4799.86,v104_stat_scope_exclusion
1926,adm_1926_276,Благовещенский,Ирбитский округ,Ирбитский округ,Уральская область,5702.03,v104_stat_scope_exclusion
1926,adm_1926_278,Таборинский,Ирбитский округ,Ирбитский округ,Уральская область,12220.39,v104_stat_scope_exclusion
1926,adm_1926_292,Знаменский,Ирбитский округ,Ирбитский округ,Уральская область,1077.96,v104_stat_scope_exclusion
1926,adm_1926_293,Богдановичевский,Шадринский округ,Шадринский округ,Уральская область,1131.97,v104_stat_scope_exclusion
1926,urban_1926_1,Барабинск,Барабинский округ,Барабинский округ,Сибирский край,28.24,area_lt_50_km2_or_missing
1926,urban_1926_2,Барнаул,Барнаульский округ,Барнаульский округ,Сибирский край,28.24,area_lt_50_km2_or_missing
1926,urban_1926_3,Бийск,Бийский округ,Бийский округ,Сибирский край,21.95,area_lt_50_km2_or_missing
1926,urban_1926_4,Ишим,Ишимский округ,Ишимский округ,Уральская область,28.24,area_lt_50_km2_or_missing
1926,urban_1926_5,Каинск / Куйбышев,Барабинский округ,Барабинский округ,Сибирский край,28.24,area_lt_50_km2_or_missing
1926,urban_1926_6,Камень-на-Оби,Каменский округ,Каменский округ,Сибирский край,28.24,area_lt_50_km2_or_missing
1926,urban_1926_7,Кузнецк / Сталинск / Новокузнецк,Кузнецкий округ,Кузнецкий округ,Сибирский край,18.57,area_lt_50_km2_or_missing
1926,urban_1926_8,Ленинск-Кузнецкий,Кузнецкий округ,Кузнецкий округ,Сибирский край,28.24,area_lt_50_km2_or_missing
1926,urban_1926_9,Мариинск,Томский округ,Томский округ,Сибирский край,28.24,area_lt_50_km2_or_missing
1926,urban_1926_10,Ново-Николаевск / Новосибирск,Новосибирский округ,Новосибирский округ,Сибирский край,25.78,area_lt_50_km2_or_missing
1926,urban_1926_11,Омск,Омский округ,Омский округ,Сибирский край,11.71,area_lt_50_km2_or_missing
1926,urban_1926_12,Славгород,Славгородский округ,Славгородский округ,Сибирский край,28.24,area_lt_50_km2_or_missing
1926,urban_1926_13,Тайга,Томский округ,Томский округ,Сибирский край,28.24,area_lt_50_km2_or_missing
1926,urban_1926_14,Тара,Тарский округ,Тарский округ,Сибирский край,26.18,area_lt_50_km2_or_missing
1926,urban_1926_15,Татарск,Барабинский округ,Барабинский округ,Сибирский край,28.24,area_lt_50_km2_or_missing
1926,urban_1926_16,Тобольск,Тобольский округ,Тобольский округ,Уральская область,28.24,area_lt_50_km2_or_missing
1926,urban_1926_17,Томск,Томский округ,Томский округ,Сибирский край,28.24,area_lt_50_km2_or_missing
1926,urban_1926_18,Тюкалинск,Омский округ,Омский округ,Сибирский край,28.24,area_lt_50_km2_or_missing
1926,urban_1926_19,Тюмень,Тюменский округ,Тюменский округ,Уральская область,28.24,area_lt_50_km2_or_missing
1926,urban_1926_20,Черепаново,Новосибирский округ,Новосибирский округ,Сибирский край,28.24,area_lt_50_km2_or_missing
1926,urban_1926_21,Щегловск / Кемерово,Кузнецкий округ,Кузнецкий округ,Сибирский край,21.87,area_lt_50_km2_or_missing
1926,urban_1926_22,Ялуторовск,Тюменский округ,Тюменский округ,Уральская область,28.24,area_lt_50_km2_or_missing
1930,adm_1930_121,Безымянный район №1 (Ачинский округ),Ачинский округ,Ачинский округ,Сибирский край,3851.17,v104_stat_scope_exclusion
1930,adm_1930_124,Безымянный район №2 (Ачинский округ),Ачинский округ,Ачинский округ,Сибирский край,8328.55,v104_stat_scope_exclusion
1930,adm_1930_135,Безымянный район №3 (Ачинский округ),Ачинский округ,Ачинский округ,Сибирский край,2247.7,v104_stat_scope_exclusion
1930,adm_1930_139,Безымянный район №4 (Ачинский округ),Ачинский округ,Ачинский округ,Сибирский край,2840.92,v104_stat_scope_exclusion
1930,adm_1930_169,Безымянный район №5 (Ачинский округ),Ачинский округ,Ачинский округ,Сибирский край,7750.22,v104_stat_scope_exclusion
1930,adm_1930_179,Безымянный район №6 (Ачинский округ),Ачинский округ,Ачинский округ,Сибирский край,13332.2,v104_stat_scope_exclusion
1930,adm_1930_185,Безымянный район №21 (Томский округ),Томский округ,Томский округ,Сибирский край,1.2,area_lt_50_km2_or_missing
1930,urban_1930_1,Анжеро-Судженск,Томский округ,Томский округ,Сибирский край,28.24,area_lt_50_km2_or_missing
1930,urban_1930_2,Барабинск,Каинский округ,Каинский округ,Сибирский край,28.24,area_lt_50_km2_or_missing
1930,urban_1930_3,Барнаул,Барнаульский округ,Барнаульский округ,Сибирский край,28.24,area_lt_50_km2_or_missing
1930,urban_1930_4,Бийск,Бийский округ,Бийский округ,Сибирский край,28.24,area_lt_50_km2_or_missing
1930,urban_1930_5,Гурьевск,Щегловский округ,Щегловский округ,Сибирский край,28.24,area_lt_50_km2_or_missing
1930,urban_1930_6,Ишим,Ишимский округ,Ишимский округ,Уральская область,28.24,area_lt_50_km2_or_missing
1930,urban_1930_7,Каинск / Куйбышев,Каинский округ,Каинский округ,Сибирский край,28.24,area_lt_50_km2_or_missing
1930,urban_1930_8,Камень-на-Оби,Каменский округ,Каменский округ,Сибирский край,28.24,area_lt_50_km2_or_missing
1930,urban_1930_9,Кузнецк / Сталинск / Новокузнецк,Щегловский округ,Щегловский округ,Сибирский край,28.24,area_lt_50_km2_or_missing
1930,urban_1930_10,Ленинск-Кузнецкий,Щегловский округ,Щегловский округ,Сибирский край,28.24,area_lt_50_km2_or_missing
1930,urban_1930_11,Мариинск,Томский округ,Томский округ,Сибирский край,28.24,area_lt_50_km2_or_missing
1930,urban_1930_12,Ново-Николаевск / Новосибирск,Новосибирский округ,Новосибирский округ,Сибирский край,28.24,area_lt_50_km2_or_missing
1930,urban_1930_13,Ойрот-Тура / Горно-Алтайск,Ойратская АО,Ойратская АО,Сибирский край,28.24,area_lt_50_km2_or_missing
1930,urban_1930_14,Омск,Омский округ,Омский округ,Сибирский край,21.01,area_lt_50_km2_or_missing
1930,urban_1930_15,Прокопьевск,Щегловский округ,Щегловский округ,Сибирский край,28.24,area_lt_50_km2_or_missing
1930,urban_1930_16,Рубцовск,Рубцовский округ,Рубцовский округ,Сибирский край,28.24,area_lt_50_km2_or_missing
1930,urban_1930_17,Славгород,Славгородский округ,Славгородский округ,Сибирский край,28.24,area_lt_50_km2_or_missing
1930,urban_1930_18,Тайга,Томский округ,Томский округ,Сибирский край,28.24,area_lt_50_km2_or_missing
1930,urban_1930_19,Тара,Омский округ,Омский округ,Сибирский край,28.24,area_lt_50_km2_or_missing
1930,urban_1930_20,Татарск,Каинский округ,Каинский округ,Сибирский край,28.24,area_lt_50_km2_or_missing
1930,urban_1930_21,Тобольск,Тобольский округ,Тобольский округ,Уральская область,28.24,area_lt_50_km2_or_missing
1930,urban_1930_22,Томск,Томский округ,Томский округ,Сибирский край,18.71,area_lt_50_km2_or_missing
1930,urban_1930_23,Тюкалинск,Омский округ,Омский округ,Сибирский край,28.24,area_lt_50_km2_or_missing
1930,urban_1930_24,Тюмень,Тюменский округ,Тюменский округ,Уральская область,28.24,area_lt_50_km2_or_missing
1930,urban_1930_25,Черепаново,Новосибирский округ,Новосибирский округ,Сибирский край,28.24,area_lt_50_km2_or_missing
1930,urban_1930_26,Щегловск / Кемерово,Щегловский округ,Щегловский округ,Сибирский край,28.24,area_lt_50_km2_or_missing
1930,urban_1930_27,Ялуторовск,Тюменский округ,Тюменский округ,Уральская область,28.24,area_lt_50_km2_or_missing
1939,urban_1939_1,Алейск,Алтайский край,Алтайский край,,28.24,area_lt_50_km2_or_missing
1939,urban_1939_2,Анжеро-Судженск,Новосибирская область,Новосибирская область,,28.24,area_lt_50_km2_or_missing
1939,urban_1939_3,Барабинск,Новосибирская область,Новосибирская область,,28.24,area_lt_50_km2_or_missing
1939,urban_1939_4,Барнаул,Алтайский край,Алтайский край,,28.24,area_lt_50_km2_or_missing
1939,urban_1939_5,Белово,Новосибирская область,Новосибирская область,,28.24,area_lt_50_km2_or_missing
1939,urban_1939_6,Бийск,Алтайский край,Алтайский край,,28.24,area_lt_50_km2_or_missing
1939,urban_1939_7,Гурьевск,Новосибирская область,Новосибирская область,,28.24,area_lt_50_km2_or_missing
1939,urban_1939_8,Ишим,Омская область,Омская область,,28.24,area_lt_50_km2_or_missing
1939,urban_1939_9,Каинск / Куйбышев,Новосибирская область,Новосибирская область,,28.24,area_lt_50_km2_or_missing
1939,urban_1939_10,Камень-на-Оби,Алтайский край,Алтайский край,,28.24,area_lt_50_km2_or_missing
1939,urban_1939_11,Киселёвск,Новосибирская область,Новосибирская область,,28.24,area_lt_50_km2_or_missing
1939,urban_1939_12,Колпашево,Новосибирская область,Новосибирская область,,28.24,area_lt_50_km2_or_missing
1939,urban_1939_13,Кузнецк / Сталинск / Новокузнецк,Новосибирская область,Новосибирская область,,28.24,area_lt_50_km2_or_missing
1939,urban_1939_14,Ленинск-Кузнецкий,Новосибирская область,Новосибирская область,,28.24,area_lt_50_km2_or_missing
1939,urban_1939_15,Мариинск,Новосибирская область,Новосибирская область,,28.24,area_lt_50_km2_or_missing
1939,urban_1939_16,Ново-Николаевск / Новосибирск,Новосибирская область,Новосибирская область,,28.24,area_lt_50_km2_or_missing
1939,urban_1939_17,Обдорск / Салехард,Омская область,Омская область,,28.24,area_lt_50_km2_or_missing
1939,urban_1939_18,Ойрот-Тура / Горно-Алтайск,Алтайский край,Алтайский край,,28.24,area_lt_50_km2_or_missing
1939,urban_1939_19,Омск,Омская область,Омская область,,28.24,area_lt_50_km2_or_missing
1939,urban_1939_20,Осинники,Новосибирская область,Новосибирская область,,17.21,area_lt_50_km2_or_missing
1939,urban_1939_21,Прокопьевск,Новосибирская область,Новосибирская область,,28.24,area_lt_50_km2_or_missing
1939,urban_1939_22,Рубцовск,Алтайский край,Алтайский край,,28.24,area_lt_50_km2_or_missing
1939,urban_1939_23,Славгород,Алтайский край,Алтайский край,,28.24,area_lt_50_km2_or_missing
1939,urban_1939_24,Тайга,Новосибирская область,Новосибирская область,,28.24,area_lt_50_km2_or_missing
1939,urban_1939_25,Тара,Омская область,Омская область,,28.24,area_lt_50_km2_or_missing
1939,urban_1939_26,Татарск,Новосибирская область,Новосибирская область,,28.24,area_lt_50_km2_or_missing
1939,urban_1939_27,Тобольск,Омская область,Омская область,,28.24,area_lt_50_km2_or_missing
1939,urban_1939_28,Томск,Новосибирская область,Новосибирская область,,28.24,area_lt_50_km2_or_missing
1939,urban_1939_29,Топки,Новосибирская область,Новосибирская область,,27.23,area_lt_50_km2_or_missing
1939,urban_1939_30,Тюкалинск,Омская область,Омская область,,28.24,area_lt_50_km2_or_missing
1939,urban_1939_31,Тюмень,Омская область,Омская область,,28.24,area_lt_50_km2_or_missing
1939,urban_1939_32,Черепаново,Новосибирская область,Новосибирская область,,28.24,area_lt_50_km2_or_missing
1939,urban_1939_33,Щегловск / Кемерово,Новосибирская область,Новосибирская область,,28.24,area_lt_50_km2_or_missing
1939,urban_1939_34,Ялуторовск,Омская область,Омская область,,28.24,area_lt_50_km2_or_missing
1939,urban_1939_35,Бердск,Новосибирская область,Новосибирская область,,26.97,area_lt_50_km2_or_missing
1939,urban_1939_36,Болотное,Новосибирская область,Новосибирская область,,28.24,area_lt_50_km2_or_missing
1939,urban_1939_37,Исиль-Куль,Омская область,Омская область,,28.24,area_lt_50_km2_or_missing
1939,urban_1939_38,Павловск,Алтайский край,Алтайский край,,28.24,area_lt_50_km2_or_missing
1939,urban_1939_39,Сузун,Новосибирская область,Новосибирская область,,28.24,area_lt_50_km2_or_missing
1939,urban_1939_40,Чулым,Новосибирская область,Новосибирская область,,28.24,area_lt_50_km2_or_missing
1947,adm_1947_194,Сургутский район,ХМАО,ХМАО,Тюменская область,3.25,area_lt_50_km2_or_missing
1947,adm_1947_u_2,Беловский горсовет,Кемеровская область,Кемеровская область,Кемеровская область,5.25,area_lt_50_km2_or_missing
1947,adm_1947_u_3,Сталинский горсовет,Кемеровская область,Кемеровская область,Кемеровская область,46.19,area_lt_50_km2_or_missing
1947,adm_1947_u_4,Ленинск-Кузнецкий горсовет,Кемеровская область,Кемеровская область,Кемеровская область,4.6,area_lt_50_km2_or_missing
1947,adm_1947_u_5,Новосибирский горсовет,Новосибирская область,Новосибирская область,Новосибирская область,29.51,area_lt_50_km2_or_missing
1947,adm_1947_u_6,Омский горсовет,Омская область,Омская область,Омская область,11.56,area_lt_50_km2_or_missing
1947,adm_1947_u_7,Кемеровский горсовет,Кемеровская область,Кемеровская область,Кемеровская область,22.75,area_lt_50_km2_or_missing
1947,adm_1947_u_8,Тобольский горсовет,Тюменская область,Тюменская область,Тюменская область,2.94,area_lt_50_km2_or_missing
1947,adm_1947_u_10,Змеиногорский горсовет - г. Змеиногорск,Алтайский край,Алтайский край,Алтайский край,25.25,area_lt_50_km2_or_missing
1947,adm_1947_u_11,Рубцовский горсовет - г. Рубцовск,Алтайский край,Алтайский край,Алтайский край,12.0,area_lt_50_km2_or_missing
1947,adm_1947_u_12,Горно-Алтайский горсовет - г. Горно-Алтайск,Горно-Алтайская автономная область,Горно-Алтайская автономная область,Алтайский край,8.4,area_lt_50_km2_or_missing
1947,adm_1947_u_13,Бийский горсовет - г. Бийск,Алтайский край,Алтайский край,Алтайский край,5.39,area_lt_50_km2_or_missing
1947,adm_1947_u_14,Славгородский горсовет - г. Славгород,Алтайский край,Алтайский край,Алтайский край,7.22,area_lt_50_km2_or_missing
1947,adm_1947_u_15,Чесноковский горсовет - г. Чесноковка,Алтайский край,Алтайский край,Алтайский край,25.25,area_lt_50_km2_or_missing
1947,adm_1947_u_16,Камень-на-Обский горсовет - г. Камень-на-Оби,Алтайский край,Алтайский край,Алтайский край,1.58,area_lt_50_km2_or_missing
1947,adm_1947_u_17,Киселевский горсовет - г. Киселевск,Кемеровская область,Кемеровская область,Кемеровская область,4.58,area_lt_50_km2_or_missing
1947,adm_1947_u_18,Прокопьевский горсовет - г. Прокопьевск,Кемеровская область,Кемеровская область,Кемеровская область,5.47,area_lt_50_km2_or_missing
1947,adm_1947_u_19,Осинниковский горсовет,Кемеровская область,Кемеровская область,Кемеровская область,2.77,area_lt_50_km2_or_missing
1947,adm_1947_u_20,Междуреченский горсовет - г. Междуреченск,Кемеровская область,Кемеровская область,Кемеровская область,15.98,area_lt_50_km2_or_missing
1947,adm_1947_u_21,Гурьевский горсовет - г. Гурьевск,Кемеровская область,Кемеровская область,Кемеровская область,1.88,area_lt_50_km2_or_missing
1947,adm_1947_u_22,Бердский горсовет - г. Бердск,Новосибирская область,Новосибирская область,Новосибирская область,1.63,area_lt_50_km2_or_missing
1947,adm_1947_u_23,Искитимский горсовет - г. Искитим,Новосибирская область,Новосибирская область,Новосибирская область,13.21,area_lt_50_km2_or_missing
1947,adm_1947_u_24,Барабинский горсовет - г. Барабинск,Новосибирская область,Новосибирская область,Новосибирская область,2.3,area_lt_50_km2_or_missing
1947,adm_1947_u_25,Татарский горсовет - г. Татарск,Новосибирская область,Новосибирская область,Новосибирская область,7.99,area_lt_50_km2_or_missing
1947,adm_1947_u_26,Юргинский горсовет - г. Юрга,Кемеровская область,Кемеровская область,Кемеровская область,2.73,area_lt_50_km2_or_missing
1947,adm_1947_u_27,Куйбышевский горсовет - г. Куйбышев,Новосибирская область,Новосибирская область,Новосибирская область,1.23,area_lt_50_km2_or_missing
1947,adm_1947_u_28,Тайгинский горсовет - г. Тайга,Кемеровская область,Кемеровская область,Кемеровская область,2.41,area_lt_50_km2_or_missing
1947,adm_1947_u_29,Ишимский горсовет - г. Ишим,Тюменская область,Тюменская область,Тюменская область,0.83,area_lt_50_km2_or_missing
1947,adm_1947_u_30,Анжеро-Судженский горсовет - г. Анжеро-Судженск,Кемеровская область,Кемеровская область,Кемеровская область,29.3,area_lt_50_km2_or_missing
1947,adm_1947_u_31,Мариинский горсовет - г. Мариинск,Кемеровская область,Кемеровская область,Кемеровская область,5.43,area_lt_50_km2_or_missing
1947,adm_1947_u_32,Томский горсовет - г. Томск,Томская область,Томская область,Томская область,20.51,area_lt_50_km2_or_missing
1947,adm_1947_u_33,Тюменский горсовет - г. Тюмень,Тюменская область,Тюменская область,Тюменская область,14.92,area_lt_50_km2_or_missing
1947,adm_1947_u_34,Ханты-Мансийский горсовет - г. Ханты-Мансийск (окр ц),ХМАО,ХМАО,Тюменская область,7.14,area_lt_50_km2_or_missing
1959,adm_1959_225,Беловский горсовет,Кемеровская область,Кемеровская область,Кемеровская область,5.25,area_lt_50_km2_or_missing
1959,adm_1959_226,Сталинский горсовет,Кемеровская область,Кемеровская область,Кемеровская область,46.19,area_lt_50_km2_or_missing
1959,adm_1959_227,Ленинск-Кузнецкий горсовет,Кемеровская область,Кемеровская область,Кемеровская область,4.6,area_lt_50_km2_or_missing
1959,adm_1959_228,Новосибирский горсовет,Новосибирская область,Новосибирская область,Новосибирская область,29.51,area_lt_50_km2_or_missing
1959,adm_1959_229,Омский горсовет,Омская область,Омская область,Омская область,11.56,area_lt_50_km2_or_missing
1959,adm_1959_230,Кемеровский горсовет,Кемеровская область,Кемеровская область,Кемеровская область,22.75,area_lt_50_km2_or_missing
1959,adm_1959_231,Тобольский горсовет,Тюменская область,Тюменская область,Тюменская область,2.94,area_lt_50_km2_or_missing
1959,adm_1959_233,Змеиногорский горсовет - г. Змеиногорск,Алтайский край,Алтайский край,Алтайский край,25.25,area_lt_50_km2_or_missing
1959,adm_1959_234,Рубцовский горсовет - г. Рубцовск,Алтайский край,Алтайский край,Алтайский край,12.0,area_lt_50_km2_or_missing
1959,adm_1959_235,Горно-Алтайский горсовет - г. Горно-Алтайск,Горно-Алтайская автономная область,Горно-Алтайская автономная область,Алтайский край,8.4,area_lt_50_km2_or_missing
1959,adm_1959_236,Бийский горсовет - г. Бийск,Алтайский край,Алтайский край,Алтайский край,5.39,area_lt_50_km2_or_missing
1959,adm_1959_237,Славгородский горсовет - г. Славгород,Алтайский край,Алтайский край,Алтайский край,7.22,area_lt_50_km2_or_missing
1959,adm_1959_238,Чесноковский горсовет - г. Чесноковка,Алтайский край,Алтайский край,Алтайский край,25.25,area_lt_50_km2_or_missing
1959,adm_1959_239,Камень-на-Обский горсовет - г. Камень-на-Оби,Алтайский край,Алтайский край,Алтайский край,1.58,area_lt_50_km2_or_missing
1959,adm_1959_240,Киселевский горсовет - г. Киселевск,Кемеровская область,Кемеровская область,Кемеровская область,4.58,area_lt_50_km2_or_missing
1959,adm_1959_241,Прокопьевский горсовет - г. Прокопьевск,Кемеровская область,Кемеровская область,Кемеровская область,5.47,area_lt_50_km2_or_missing
1959,adm_1959_242,Осинниковский горсовет,Кемеровская область,Кемеровская область,Кемеровская область,2.77,area_lt_50_km2_or_missing
1959,adm_1959_243,Междуреченский горсовет - г. Междуреченск,Кемеровская область,Кемеровская область,Кемеровская область,15.98,area_lt_50_km2_or_missing
1959,adm_1959_244,Гурьевский горсовет - г. Гурьевск,Кемеровская область,Кемеровская область,Кемеровская область,1.88,area_lt_50_km2_or_missing
1959,adm_1959_245,Бердский горсовет - г. Бердск,Новосибирская область,Новосибирская область,Новосибирская область,1.63,area_lt_50_km2_or_missing
1959,adm_1959_246,Искитимский горсовет - г. Искитим,Новосибирская область,Новосибирская область,Новосибирская область,13.21,area_lt_50_km2_or_missing
1959,adm_1959_247,Барабинский горсовет - г. Барабинск,Новосибирская область,Новосибирская область,Новосибирская область,2.3,area_lt_50_km2_or_missing
1959,adm_1959_248,Татарский горсовет - г. Татарск,Новосибирская область,Новосибирская область,Новосибирская область,7.99,area_lt_50_km2_or_missing
1959,adm_1959_249,Юргинский горсовет - г. Юрга,Кемеровская область,Кемеровская область,Кемеровская область,2.73,area_lt_50_km2_or_missing
1959,adm_1959_250,Куйбышевский горсовет - г. Куйбышев,Новосибирская область,Новосибирская область,Новосибирская область,1.23,area_lt_50_km2_or_missing
1959,adm_1959_251,Тайгинский горсовет - г. Тайга,Кемеровская область,Кемеровская область,Кемеровская область,2.41,area_lt_50_km2_or_missing
1959,adm_1959_252,Ишимский горсовет - г. Ишим,Тюменская область,Тюменская область,Тюменская область,0.83,area_lt_50_km2_or_missing
1959,adm_1959_253,Анжеро-Судженский горсовет - г. Анжеро-Судженск,Кемеровская область,Кемеровская область,Кемеровская область,29.3,area_lt_50_km2_or_missing
1959,adm_1959_254,Мариинский горсовет - г. Мариинск,Кемеровская область,Кемеровская область,Кемеровская область,5.43,area_lt_50_km2_or_missing
1959,adm_1959_255,Томский горсовет - г. Томск,Томская область,Томская область,Томская область,20.51,area_lt_50_km2_or_missing
1959,adm_1959_256,Тюменский горсовет - г. Тюмень,Тюменская область,Тюменская область,Тюменская область,14.92,area_lt_50_km2_or_missing
1959,adm_1959_257,Ханты-Мансийский горсовет - г. Ханты-Мансийск (окр ц),ХМАО,ХМАО,Тюменская область,7.14,area_lt_50_km2_or_missing
1964,adm_1964_218,Беловский горсовет,Кемеровская область,Кемеровская область,Кемеровская область,5.25,area_lt_50_km2_or_missing
1964,adm_1964_219,Сталинский горсовет,Кемеровская область,Кемеровская область,Кемеровская область,46.19,area_lt_50_km2_or_missing
1964,adm_1964_220,Ленинск-Кузнецкий горсовет,Кемеровская область,Кемеровская область,Кемеровская область,4.6,area_lt_50_km2_or_missing
1964,adm_1964_221,Новосибирский горсовет,Новосибирская область,Новосибирская область,Новосибирская область,29.51,area_lt_50_km2_or_missing
1964,adm_1964_222,Омский горсовет,Омская область,Омская область,Омская область,11.56,area_lt_50_km2_or_missing
1964,adm_1964_223,Кемеровский горсовет,Кемеровская область,Кемеровская область,Кемеровская область,22.75,area_lt_50_km2_or_missing
1964,adm_1964_224,Тобольский горсовет,Тюменская область,Тюменская область,Тюменская область,2.94,area_lt_50_km2_or_missing
1964,adm_1964_228,Горно-Алтайский горсовет - г. Горно-Алтайск,Горно-Алтайская автономная область,Горно-Алтайская автономная область,Алтайский край,8.4,area_lt_50_km2_or_missing
1964,adm_1964_233,Киселевский горсовет - г. Киселевск,Кемеровская область,Кемеровская область,Кемеровская область,4.58,area_lt_50_km2_or_missing
1964,adm_1964_234,Прокопьевский горсовет - г. Прокопьевск,Кемеровская область,Кемеровская область,Кемеровская область,5.47,area_lt_50_km2_or_missing
1964,adm_1964_235,Осинниковский горсовет,Кемеровская область,Кемеровская область,Кемеровская область,2.77,area_lt_50_km2_or_missing
1964,adm_1964_236,Междуреченский горсовет - г. Междуреченск,Кемеровская область,Кемеровская область,Кемеровская область,15.98,area_lt_50_km2_or_missing
1964,adm_1964_237,Гурьевский горсовет - г. Гурьевск,Кемеровская область,Кемеровская область,Кемеровская область,1.88,area_lt_50_km2_or_missing
1964,adm_1964_238,Бердский горсовет - г. Бердск,Новосибирская область,Новосибирская область,Новосибирская область,1.63,area_lt_50_km2_or_missing
1964,adm_1964_239,Искитимский горсовет - г. Искитим,Новосибирская область,Новосибирская область,Новосибирская область,13.21,area_lt_50_km2_or_missing
1964,adm_1964_240,Барабинский горсовет - г. Барабинск,Новосибирская область,Новосибирская область,Новосибирская область,2.3,area_lt_50_km2_or_missing
1964,adm_1964_241,Татарский горсовет - г. Татарск,Новосибирская область,Новосибирская область,Новосибирская область,7.99,area_lt_50_km2_or_missing
1964,adm_1964_242,Юргинский горсовет - г. Юрга,Кемеровская область,Кемеровская область,Кемеровская область,2.73,area_lt_50_km2_or_missing
1964,adm_1964_243,Куйбышевский горсовет - г. Куйбышев,Новосибирская область,Новосибирская область,Новосибирская область,1.23,area_lt_50_km2_or_missing
1964,adm_1964_244,Тайгинский горсовет - г. Тайга,Кемеровская область,Кемеровская область,Кемеровская область,2.41,area_lt_50_km2_or_missing
1964,adm_1964_245,Ишимский горсовет - г. Ишим,Тюменская область,Тюменская область,Тюменская область,0.83,area_lt_50_km2_or_missing
1964,adm_1964_246,Анжеро-Судженский горсовет - г. Анжеро-Судженск,Кемеровская область,Кемеровская область,Кемеровская область,29.3,area_lt_50_km2_or_missing
1964,adm_1964_247,Мариинский горсовет - г. Мариинск,Кемеровская область,Кемеровская область,Кемеровская область,5.43,area_lt_50_km2_or_missing
1964,adm_1964_248,Томский горсовет - г. Томск,Томская область,Томская область,Томская область,20.51,area_lt_50_km2_or_missing
1964,adm_1964_249,Тюменский горсовет - г. Тюмень,Тюменская область,Тюменская область,Тюменская область,14.92,area_lt_50_km2_or_missing
1964,adm_1964_250,Ханты-Мансийский горсовет - г. Ханты-Мансийск (окр ц),ХМАО,ХМАО,Тюменская область,7.14,area_lt_50_km2_or_missing
1964,adm_1964_287,Бийский горсовет,Алтайский край,Алтайский край,Алтайский край,5.39,area_lt_50_km2_or_missing
1964,adm_1964_288,Змеиногорский горсовет,Алтайский край,Алтайский край,Алтайский край,25.25,area_lt_50_km2_or_missing
1964,adm_1964_289,Каменский горсовет,Алтайский край,Алтайский край,Алтайский край,1.58,area_lt_50_km2_or_missing
1964,adm_1964_290,Новоалтайский горсовет,Алтайский край,Алтайский край,Алтайский край,25.25,area_lt_50_km2_or_missing
1964,adm_1964_291,Рубцовский горсовет,Алтайский край,Алтайский край,Алтайский край,12.0,area_lt_50_km2_or_missing
1964,adm_1964_292,Славгородский горсовет,Алтайский край,Алтайский край,Алтайский край,7.22,area_lt_50_km2_or_missing
1970,adm_1970_192,г. Змеиногорск,Алтайский край,Алтайский край,Алтайский край,25.25,area_lt_50_km2_or_missing
1970,adm_1970_193,г. Рубцовск,Алтайский край,Алтайский край,Алтайский край,7.65,area_lt_50_km2_or_missing
1970,adm_1970_194,г. Горно-Алтайск,Республика Алтай,Республика Алтай,Алтайский край,6.93,area_lt_50_km2_or_missing
1970,adm_1970_195,г. Бийск,Алтайский край,Алтайский край,Алтайский край,4.56,area_lt_50_km2_or_missing
1970,adm_1970_196,г. Славгород,Алтайский край,Алтайский край,Алтайский край,7.22,area_lt_50_km2_or_missing
1970,adm_1970_197,г. Новоалтайск,Алтайский край,Алтайский край,Алтайский край,9.06,area_lt_50_km2_or_missing
1970,adm_1970_198,г. Камень-на-Оби,Алтайский край,Алтайский край,Алтайский край,1.58,area_lt_50_km2_or_missing
1970,adm_1970_199,г. Киселевск,Кемеровская область,Кемеровская область,Кемеровская область,4.58,area_lt_50_km2_or_missing
1970,adm_1970_200,г. Прокопьевск,Кемеровская область,Кемеровская область,Кемеровская область,5.47,area_lt_50_km2_or_missing
1970,adm_1970_201,г. Гурьевск,Кемеровская область,Кемеровская область,Кемеровская область,1.88,area_lt_50_km2_or_missing
1970,adm_1970_202,г. Белово,Кемеровская область,Кемеровская область,Кемеровская область,5.25,area_lt_50_km2_or_missing
1970,adm_1970_203,г. Осинники,Кемеровская область,Кемеровская область,Кемеровская область,2.77,area_lt_50_km2_or_missing
1970,adm_1970_204,г. Таштагол,Кемеровская область,Кемеровская область,Кемеровская область,14.21,area_lt_50_km2_or_missing
1970,adm_1970_205,г. Междуреченск,Кемеровская область,Кемеровская область,Кемеровская область,15.98,area_lt_50_km2_or_missing
1970,adm_1970_206,г. Мыски,Кемеровская область,Кемеровская область,Кемеровская область,17.31,area_lt_50_km2_or_missing
1970,adm_1970_207,г. Новокузнецк,Кемеровская область,Кемеровская область,Кемеровская область,46.19,area_lt_50_km2_or_missing
1970,adm_1970_208,г. Бердск,Новосибирская область,Новосибирская область,Новосибирская область,2.74,area_lt_50_km2_or_missing
1970,adm_1970_209,г. Искитим,Новосибирская область,Новосибирская область,Новосибирская область,13.21,area_lt_50_km2_or_missing
1970,adm_1970_210,г. Исилькуль,Омская область,Омская область,Омская область,2.64,area_lt_50_km2_or_missing
1970,adm_1970_211,г. Калачинск,Омская область,Омская область,Омская область,3.75,area_lt_50_km2_or_missing
1970,adm_1970_212,г. Барабинск,Новосибирская область,Новосибирская область,Новосибирская область,2.3,area_lt_50_km2_or_missing
1970,adm_1970_213,г. Омск,Омская область,Омская область,Омская область,11.56,area_lt_50_km2_or_missing
1970,adm_1970_214,г. Новосибирск,Новосибирская область,Новосибирская область,Новосибирская область,13.07,area_lt_50_km2_or_missing
1970,adm_1970_215,г. Татарск,Новосибирская область,Новосибирская область,Новосибирская область,7.99,area_lt_50_km2_or_missing
1970,adm_1970_216,г. Топки,Кемеровская область,Кемеровская область,Кемеровская область,7.53,area_lt_50_km2_or_missing
1970,adm_1970_217,г. Березовский,Кемеровская область,Кемеровская область,Кемеровская область,7.74,area_lt_50_km2_or_missing
1970,adm_1970_218,г. Кемерово,Кемеровская область,Кемеровская область,Кемеровская область,22.75,area_lt_50_km2_or_missing
1970,adm_1970_219,г. Куйбышев,Новосибирская область,Новосибирская область,Новосибирская область,1.23,area_lt_50_km2_or_missing
1970,adm_1970_220,г. Ишим,Тюменская область,Тюменская область,Тюменская область,0.83,area_lt_50_km2_or_missing
1970,adm_1970_221,г. Мариинск,Кемеровская область,Кемеровская область,Кемеровская область,5.43,area_lt_50_km2_or_missing
1970,adm_1970_222,Ялуторовский,Тюменская область,Тюменская область,Тюменская область,2.73,area_lt_50_km2_or_missing
1970,adm_1970_223,г. Томск,Томская область,Томская область,Томская область,13.7,area_lt_50_km2_or_missing
1970,adm_1970_224,г. Тюмень,Тюменская область,Тюменская область,Тюменская область,9.24,area_lt_50_km2_or_missing
1970,adm_1970_225,г. Тара,Омская область,Омская область,Омская область,4.23,area_lt_50_km2_or_missing
1970,adm_1970_226,г. Колпашево,Томская область,Томская область,Томская область,2.92,area_lt_50_km2_or_missing
1970,adm_1970_227,г. Сургут,ХМАО,ХМАО,Тюменская область,18.96,area_lt_50_km2_or_missing
1970,adm_1970_229,г. Тайга,Кемеровская область,Кемеровская область,Кемеровская область,5.27,area_lt_50_km2_or_missing
1970,adm_1970_230,г. Анжеро-Судженск,Кемеровская область,Кемеровская область,Кемеровская область,8.13,area_lt_50_km2_or_missing
1970,adm_1970_234,г. Нефтеюганск,ХМАО,ХМАО,Тюменская область,32.9,area_lt_50_km2_or_missing
1970,adm_1970_235,г. Ханты-Мансийск,ХМАО,ХМАО,Тюменская область,0.95,area_lt_50_km2_or_missing
1970,adm_1970_236,г. Урай,ХМАО,ХМАО,Тюменская область,8.05,area_lt_50_km2_or_missing
1970,adm_1970_238,г. Тобольск,Тюменская область,Тюменская область,Тюменская область,2.94,area_lt_50_km2_or_missing
1970,adm_1970_239,Алейский,Алтайский край,Алтайский край,Алтайский край,0.97,area_lt_50_km2_or_missing
1970,adm_1970_240,г. Ленинск-Кузнецкий,Кемеровская область,Кемеровская область,Кемеровская область,4.6,area_lt_50_km2_or_missing
1979,adm_1979_107,г. Исилькуль,Омская область,Омская область,Омская область,2.64,area_lt_50_km2_or_missing
1979,adm_1979_109,г. Омск,Омская область,Омская область,Омская область,11.56,area_lt_50_km2_or_missing
1979,adm_1979_112,г. Калачинск,Омская область,Омская область,Омская область,3.75,area_lt_50_km2_or_missing
1979,adm_1979_117,г. Татарск,Новосибирская область,Новосибирская область,Новосибирская область,7.99,area_lt_50_km2_or_missing
1979,adm_1979_120,г. Топки,Кемеровская область,Кемеровская область,Кемеровская область,7.53,area_lt_50_km2_or_missing
1979,adm_1979_123,г. Барабинск,Новосибирская область,Новосибирская область,Новосибирская область,2.3,area_lt_50_km2_or_missing
1979,adm_1979_124,г. Кемерово,Кемеровская область,Кемеровская область,Кемеровская область,22.75,area_lt_50_km2_or_missing
1979,adm_1979_128,г. Куйбышев,Новосибирская область,Новосибирская область,Новосибирская область,1.23,area_lt_50_km2_or_missing
1979,adm_1979_132,г. Называевск,Омская область,Омская область,Омская область,10.81,area_lt_50_km2_or_missing
1979,adm_1979_138,г. Березовский,Кемеровская область,Кемеровская область,Кемеровская область,7.74,area_lt_50_km2_or_missing
1979,adm_1979_140,г. Юрга,Кемеровская область,Кемеровская область,Кемеровская область,20.87,area_lt_50_km2_or_missing
1979,adm_1979_141,г. Тюкалинск,Омская область,Омская область,Омская область,0.76,area_lt_50_km2_or_missing
1979,adm_1979_151,г. Анжеро-Судженск,Кемеровская область,Кемеровская область,Кемеровская область,29.3,area_lt_50_km2_or_missing
1979,adm_1979_152,г. Ишим,Тюменская область,Тюменская область,Тюменская область,0.83,area_lt_50_km2_or_missing
1979,adm_1979_157,г. Мариинск,Кемеровская область,Кемеровская область,Кемеровская область,5.43,area_lt_50_km2_or_missing
1979,adm_1979_166,г. Томск,Томская область,Томская область,Томская область,13.7,area_lt_50_km2_or_missing
1979,adm_1979_173,Ялуторовский,Тюменская область,Тюменская область,Тюменская область,2.73,area_lt_50_km2_or_missing
1979,adm_1979_183,г. Тара,Омская область,Омская область,Омская область,4.23,area_lt_50_km2_or_missing
1979,adm_1979_185,г. Асино,Томская область,Томская область,Томская область,6.03,area_lt_50_km2_or_missing
1979,adm_1979_191,г. Тюмень,Тюменская область,Тюменская область,Тюменская область,9.24,area_lt_50_km2_or_missing
1979,adm_1979_209,г. Тобольск,Тюменская область,Тюменская область,Тюменская область,2.94,area_lt_50_km2_or_missing
1979,adm_1979_211,г. Колпашево,Томская область,Томская область,Томская область,2.92,area_lt_50_km2_or_missing
1979,adm_1979_223,г. Урай,ХМАО,ХМАО,Тюменская область,25.01,area_lt_50_km2_or_missing
1979,adm_1979_226,г. Стрежевой,Томская область,Томская область,Томская область,6.84,area_lt_50_km2_or_missing
1979,adm_1979_228,г. Нижневартовск,ХМАО,ХМАО,Тюменская область,13.65,area_lt_50_km2_or_missing
1979,adm_1979_229,г. Ханты-Мансийск,ХМАО,ХМАО,Тюменская область,7.14,area_lt_50_km2_or_missing
1979,adm_1979_232,г. Сургут,ХМАО,ХМАО,Тюменская область,18.96,area_lt_50_km2_or_missing
1979,adm_1979_239,г. Надым,ЯНАО,ЯНАО,Тюменская область,22.5,area_lt_50_km2_or_missing
1979,adm_1979_242,г. Лабытнанги,ЯНАО,ЯНАО,Тюменская область,49.95,area_lt_50_km2_or_missing
1979,adm_1979_256,г. Тайга,Кемеровская область,Кемеровская область,Кемеровская область,9.22,area_lt_50_km2_or_missing
1979,adm_1979_3,г. Змеиногорск,Алтайский край,Алтайский край,Алтайский край,25.25,area_lt_50_km2_or_missing
1979,adm_1979_30,Алейский,Алтайский край,Алтайский край,Алтайский край,0.97,area_lt_50_km2_or_missing
1979,adm_1979_38,г. Таштагол,Кемеровская область,Кемеровская область,Кемеровская область,14.21,area_lt_50_km2_or_missing
1979,adm_1979_44,г. Славгород,Алтайский край,Алтайский край,Алтайский край,7.22,area_lt_50_km2_or_missing
1979,adm_1979_61,г. Осинники,Кемеровская область,Кемеровская область,Кемеровская область,2.77,area_lt_50_km2_or_missing
1979,adm_1979_65,г. Междуреченск,Кемеровская область,Кемеровская область,Кемеровская область,15.98,area_lt_50_km2_or_missing
1979,adm_1979_67,г. Мыски,Кемеровская область,Кемеровская область,Кемеровская область,17.31,area_lt_50_km2_or_missing
1979,adm_1979_70,г. Новокузнецк,Кемеровская область,Кемеровская область,Кемеровская область,46.19,area_lt_50_km2_or_missing
1979,adm_1979_71,г. Камень-на-Оби,Алтайский край,Алтайский край,Алтайский край,1.58,area_lt_50_km2_or_missing
1979,adm_1979_74,г. Прокопьевск,Кемеровская область,Кемеровская область,Кемеровская область,5.47,area_lt_50_km2_or_missing
1979,adm_1979_76,г. Киселевск,Кемеровская область,Кемеровская область,Кемеровская область,4.58,area_lt_50_km2_or_missing
1979,adm_1979_82,г. Гурьевск,Кемеровская область,Кемеровская область,Кемеровская область,1.88,area_lt_50_km2_or_missing
1979,adm_1979_88,г. Белово,Кемеровская область,Кемеровская область,Кемеровская область,5.25,area_lt_50_km2_or_missing
1979,adm_1979_96,г. Искитим,Новосибирская область,Новосибирская область,Новосибирская область,13.21,area_lt_50_km2_or_missing
1979,adm_1979_97,г. Ленинск-Кузнецкий,Кемеровская область,Кемеровская область,Кемеровская область,4.6,area_lt_50_km2_or_missing
1989,adm_1989_268,Междуреченский,Кемеровская область,Кемеровская область,Кемеровская область,15.98,area_lt_50_km2_or_missing
2021,adm_2021_113,Звериноголовский муниципальный район,Курганская область,Курганская область,Курганская область,1357.18,v104_stat_scope_exclusion
2021,adm_2021_119,Целинный муниципальный район,Курганская область,Курганская область,Курганская область,3457.6,v104_stat_scope_exclusion
2021,adm_2021_125,рабочий поселок Кольцово,Новосибирская область,Новосибирская область,Новосибирская область,20.1,area_lt_50_km2_or_missing
2021,adm_2021_128,город Обь,Новосибирская область,Новосибирская область,Новосибирская область,28.99,area_lt_50_km2_or_missing
2021,adm_2021_133,Альменевский муниципальный район,Курганская область,Курганская область,Курганская область,2480.65,v104_stat_scope_exclusion
2021,adm_2021_135,Половинский муниципальный район,Курганская область,Курганская область,Курганская область,2736.29,v104_stat_scope_exclusion
2021,adm_2021_137,Сафакулевский муниципальный район,Курганская область,Курганская область,Курганская область,2287.71,v104_stat_scope_exclusion
2021,adm_2021_138,Куртамышский муниципальный район,Курганская область,Курганская область,Курганская область,3884.58,v104_stat_scope_exclusion
2021,adm_2021_142,Притобольный муниципальный район,Курганская область,Курганская область,Курганская область,2346.11,v104_stat_scope_exclusion
2021,adm_2021_148,Петуховский муниципальный район,Курганская область,Курганская область,Курганская область,2770.23,v104_stat_scope_exclusion
2021,adm_2021_154,Курган,Курганская область,Курганская область,Курганская область,400.83,v104_stat_scope_exclusion
2021,adm_2021_157,Макушинский муниципальный район,Курганская область,Курганская область,Курганская область,3486.29,v104_stat_scope_exclusion
2021,adm_2021_161,Лебяжьевский муниципальный район,Курганская область,Курганская область,Курганская область,3176.15,v104_stat_scope_exclusion
2021,adm_2021_164,Юргамышский муниципальный район,Курганская область,Курганская область,Курганская область,2588.45,v104_stat_scope_exclusion
2021,adm_2021_165,Частоозерский муниципальный район,Курганская область,Курганская область,Курганская область,1935.88,v104_stat_scope_exclusion
2021,adm_2021_169,Кетовский муниципальный район,Курганская область,Курганская область,Курганская область,3323.63,v104_stat_scope_exclusion
2021,adm_2021_170,Шумихинский муниципальный район,Курганская область,Курганская область,Курганская область,2816.16,v104_stat_scope_exclusion
2021,adm_2021_171,Щучанский муниципальный район,Курганская область,Курганская область,Курганская область,2867.01,v104_stat_scope_exclusion
2021,adm_2021_172,Мишкинский муниципальный район,Курганская область,Курганская область,Курганская область,3009.77,v104_stat_scope_exclusion
2021,adm_2021_181,Мокроусовский муниципальный район,Курганская область,Курганская область,Курганская область,3082.46,v104_stat_scope_exclusion
2021,adm_2021_184,Варгашинский муниципальный район,Курганская область,Курганская область,Курганская область,2979.6,v104_stat_scope_exclusion
2021,adm_2021_193,город Шадринск,Курганская область,Курганская область,Курганская область,190.67,v104_stat_scope_exclusion
2021,adm_2021_194,Каргапольский муниципальный район,Курганская область,Курганская область,Курганская область,3220.0,v104_stat_scope_exclusion
2021,adm_2021_198,Белозерский муниципальный район,Курганская область,Курганская область,Курганская область,3416.26,v104_stat_scope_exclusion
2021,adm_2021_207,Шадринский муниципальный район,Курганская область,Курганская область,Курганская область,4009.97,v104_stat_scope_exclusion
2021,adm_2021_210,Катайский муниципальный район,Курганская область,Курганская область,Курганская область,2693.37,v104_stat_scope_exclusion
2021,adm_2021_213,Далматовский муниципальный район,Курганская область,Курганская область,Курганская область,3506.85,v104_stat_scope_exclusion
2021,adm_2021_219,город Ялуторовск,Тюменская область,Тюменская область,Тюменская область,48.52,area_lt_50_km2_or_missing
2021,adm_2021_224,Шатровский муниципальный район,Курганская область,Курганская область,Курганская область,3544.8,v104_stat_scope_exclusion
2021,adm_2021_267,город Пыть-Ях,Ханты-Мансийский автономный округ,Ханты-Мансийский автономный округ,Тюменская область,6.19,area_lt_50_km2_or_missing
2021,adm_2021_270,город Нижневартовск,Ханты-Мансийский автономный округ,Ханты-Мансийский автономный округ,Тюменская область,27.09,area_lt_50_km2_or_missing
2021,adm_2021_552,город Мегион,Ханты-Мансийский автономный округ,Ханты-Мансийский автономный округ,Тюменская область,34.32,area_lt_50_km2_or_missing
2021,adm_2021_553,город Нефтеюганск,Ханты-Мансийский автономный округ,Ханты-Мансийский автономный округ,Тюменская область,5.46,area_lt_50_km2_or_missing
2021,adm_2021_560,город Покачи,Ханты-Мансийский автономный округ,Ханты-Мансийский автономный округ,Тюменская область,21.78,area_lt_50_km2_or_missing
2021,adm_2021_561,город Радужный,Ханты-Мансийский автономный округ,Ханты-Мансийский автономный округ,Тюменская область,39.93,area_lt_50_km2_or_missing
2021,adm_2021_71,ЗАТО Сибирский,Алтайский край,Алтайский край,Алтайский край,5.41,area_lt_50_km2_or_missing
