year,unit_id,name,old_unit_type,new_unit_type,reason,area_km2,admin_parent,old_admin_parent
1926,urban_1926_1,Барабинск,город,центр округа,v117: отдельный город-центр окружного уровня,28.238,Барабинский округ,
1926,urban_1926_2,Барнаул,город,центр округа,v117: отдельный город-центр окружного уровня,28.238,Барнаульский округ,
1926,urban_1926_3,Бийск,город,центр округа,v117: отдельный город-центр окружного уровня,21.946,Бийский округ,
1926,urban_1926_4,Ишим,город,центр округа,v117: отдельный город-центр окружного уровня,28.238,Ишимский округ,
1926,urban_1926_6,Камень-на-Оби,город,центр округа,v117: отдельный город-центр окружного уровня,28.238,Каменский округ,
1926,urban_1926_7,Кузнецк / Сталинск / Новокузнецк,город,центр округа,v117: отдельный город-центр окружного уровня,18.574,Кузнецкий округ,
1926,urban_1926_10,Ново-Николаевск / Новосибирск,город,центр округа,v117: отдельный город-центр окружного уровня,25.78,Новосибирский округ,
1926,urban_1926_11,Омск,город,центр округа,v117: отдельный город-центр окружного уровня,11.708,Омский округ,
1926,urban_1926_12,Славгород,город,центр округа,v117: отдельный город-центр окружного уровня,28.238,Славгородский округ,
1926,urban_1926_14,Тара,город,центр округа,v117: отдельный город-центр окружного уровня,26.177,Тарский округ,
1926,urban_1926_16,Тобольск,город,центр округа,v117: отдельный город-центр окружного уровня,28.238,Тобольский округ,
1926,urban_1926_17,Томск,город,центр округа,v117: отдельный город-центр окружного уровня,28.238,Томский округ,
1926,urban_1926_19,Тюмень,город,центр округа,v117: отдельный город-центр окружного уровня,28.238,Тюменский округ,
1930,urban_1930_3,Барнаул,город,центр округа,v117: отдельный город-центр окружного уровня,28.238,Барнаульский округ,
1930,urban_1930_4,Бийск,город,центр округа,v117: отдельный город-центр окружного уровня,28.238,Бийский округ,
1930,urban_1930_6,Ишим,город,центр округа,v117: отдельный город-центр окружного уровня,28.238,Ишимский округ,
1930,urban_1930_7,Каинск / Куйбышев,город,центр округа,v117: отдельный город-центр окружного уровня,28.238,Каинский округ,
1930,urban_1930_8,Камень-на-Оби,город,центр округа,v117: отдельный город-центр окружного уровня,28.238,Каменский округ,
1930,urban_1930_12,Ново-Николаевск / Новосибирск,город,центр округа,v117: отдельный город-центр окружного уровня,28.238,Новосибирский округ,
1930,urban_1930_13,Ойрот-Тура / Горно-Алтайск,город,центр округа,v117: отдельный город-центр окружного уровня,28.238,Ойратская АО,
1930,urban_1930_14,Омск,город,центр округа,v117: отдельный город-центр окружного уровня,21.005,Омский округ,
1930,urban_1930_16,Рубцовск,город,центр округа,v117: отдельный город-центр окружного уровня,28.238,Рубцовский округ,
1930,urban_1930_17,Славгород,город,центр округа,v117: отдельный город-центр окружного уровня,28.238,Славгородский округ,
1930,urban_1930_21,Тобольск,город,центр округа,v117: отдельный город-центр окружного уровня,28.238,Тобольский округ,
1930,urban_1930_22,Томск,город,центр округа,v117: отдельный город-центр окружного уровня,18.713,Томский округ,
1930,urban_1930_24,Тюмень,город,центр округа,v117: отдельный город-центр окружного уровня,28.238,Тюменский округ,
1930,urban_1930_26,Щегловск / Кемерово,город,центр округа,v117: отдельный город-центр окружного уровня,28.238,Щегловский округ,
1939,adm_1939_10,Ойрот-Турский (рц в г. Ойрот-Туре),район,горсовет,v117: городские контуры 1939–1989 нормализованы как горсоветы,1381.48,Алтайский край,
1939,adm_1939_129,Анжеро-Судженский (рц в г. Анжеро-Судженске),район,горсовет,v117: городские контуры 1939–1989 нормализованы как горсоветы,2340.32,Новосибирская область,
1939,adm_1939_151,Тюменский (рц в г. Тюмени),район,горсовет,v117: городские контуры 1939–1989 нормализованы как горсоветы,4220.79,Омская область,
1939,adm_1939_167,Тобольский (рц в г. Тобольске),район,горсовет,v117: городские контуры 1939–1989 нормализованы как горсоветы,15327.37,Омская область,
1939,adm_1939_170,Колпашевский (рц в г. Колпашево),район,горсовет,v117: городские контуры 1939–1989 нормализованы как горсоветы,56542.01,Новосибирская область,
1939,adm_1939_199,Тарский (рц в г. Таре),район,горсовет,v117: городские контуры 1939–1989 нормализованы как горсоветы,3777.93,Омская область,
1939,adm_1939_200,Томский (рц в г. Томске),район,горсовет,v117: городские контуры 1939–1989 нормализованы как горсоветы,4846.51,Новосибирская область,
1939,adm_1939_28,Зональный (рц в г. Бийске),район,горсовет,v117: городские контуры 1939–1989 нормализованы как горсоветы,1737.02,Алтайский край,
1939,adm_1939_45,Барнаульский (рц в г. Барнауле),район,горсовет,v117: городские контуры 1939–1989 нормализованы как горсоветы,2769.06,Алтайский край,
1939,adm_1939_58,Прокопьевский (рц в г. Прокопьевске),район,горсовет,v117: городские контуры 1939–1989 нормализованы как горсоветы,2186.07,Новосибирская область,
1939,adm_1939_70,Кузнецкий (Сталинский) (рц в г. Сталинске),район,горсовет,v117: городские контуры 1939–1989 нормализованы как горсоветы,6343.25,Новосибирская область,
1939,adm_1939_79,Ленинск-Кузнецкий (рц в г. Ленинске-Кузнецком),район,горсовет,v117: городские контуры 1939–1989 нормализованы как горсоветы,2926.63,Новосибирская область,
1939,adm_1939_88,Новосибирский (рц в г. Новосибирске),район,горсовет,v117: городские контуры 1939–1989 нормализованы как горсоветы,2345.08,Новосибирская область,
1939,adm_1939_94,Кагановичский (рц в г. Омске),район,горсовет,v117: городские контуры 1939–1989 нормализованы как горсоветы,3746.37,Омская область,
1939,adm_1939_99,Кемеровский (рц в г. Кемерово),район,горсовет,v117: городские контуры 1939–1989 нормализованы как горсоветы,2072.82,Новосибирская область,
1939,urban_1939_1,Алейск,город,горсовет,v117: городские контуры 1939–1989 нормализованы как горсоветы,28.24,Алтайский край,
1939,urban_1939_2,Анжеро-Судженск,город,горсовет,v117: городские контуры 1939–1989 нормализованы как горсоветы,28.24,Новосибирская область,
1939,urban_1939_3,Барабинск,город,горсовет,v117: городские контуры 1939–1989 нормализованы как горсоветы,28.24,Новосибирская область,
1939,urban_1939_4,Барнаул,город,горсовет,v117: городские контуры 1939–1989 нормализованы как горсоветы,28.24,Алтайский край,
1939,urban_1939_5,Белово,город,горсовет,v117: городские контуры 1939–1989 нормализованы как горсоветы,28.24,Новосибирская область,
1939,urban_1939_6,Бийск,город,горсовет,v117: городские контуры 1939–1989 нормализованы как горсоветы,28.24,Алтайский край,
1939,urban_1939_7,Гурьевск,город,горсовет,v117: городские контуры 1939–1989 нормализованы как горсоветы,28.24,Новосибирская область,
1939,urban_1939_8,Ишим,город,горсовет,v117: городские контуры 1939–1989 нормализованы как горсоветы,28.24,Омская область,
1939,urban_1939_9,Каинск / Куйбышев,город,горсовет,v117: городские контуры 1939–1989 нормализованы как горсоветы,28.24,Новосибирская область,
1939,urban_1939_10,Камень-на-Оби,город,горсовет,v117: городские контуры 1939–1989 нормализованы как горсоветы,28.24,Алтайский край,
1939,urban_1939_11,Киселёвск,город,горсовет,v117: городские контуры 1939–1989 нормализованы как горсоветы,28.24,Новосибирская область,
1939,urban_1939_12,Колпашево,город,горсовет,v117: городские контуры 1939–1989 нормализованы как горсоветы,28.24,Новосибирская область,
1939,urban_1939_13,Кузнецк / Сталинск / Новокузнецк,город,горсовет,v117: городские контуры 1939–1989 нормализованы как горсоветы,28.24,Новосибирская область,
1939,urban_1939_14,Ленинск-Кузнецкий,город,горсовет,v117: городские контуры 1939–1989 нормализованы как горсоветы,28.24,Новосибирская область,
1939,urban_1939_15,Мариинск,город,горсовет,v117: городские контуры 1939–1989 нормализованы как горсоветы,28.24,Новосибирская область,
1939,urban_1939_16,Ново-Николаевск / Новосибирск,город,горсовет,v117: городские контуры 1939–1989 нормализованы как горсоветы,28.24,Новосибирская область,
1939,urban_1939_17,Обдорск / Салехард,город,горсовет,v117: городские контуры 1939–1989 нормализованы как горсоветы,28.24,Омская область,
1939,urban_1939_18,Ойрот-Тура / Горно-Алтайск,город,горсовет,v117: городские контуры 1939–1989 нормализованы как горсоветы,28.24,Алтайский край,
1939,urban_1939_19,Омск,город,горсовет,v117: городские контуры 1939–1989 нормализованы как горсоветы,28.24,Омская область,
1939,urban_1939_20,Осинники,город,горсовет,v117: городские контуры 1939–1989 нормализованы как горсоветы,17.21,Новосибирская область,
1939,urban_1939_21,Прокопьевск,город,горсовет,v117: городские контуры 1939–1989 нормализованы как горсоветы,28.24,Новосибирская область,
1939,urban_1939_22,Рубцовск,город,горсовет,v117: городские контуры 1939–1989 нормализованы как горсоветы,28.24,Алтайский край,
1939,urban_1939_23,Славгород,город,горсовет,v117: городские контуры 1939–1989 нормализованы как горсоветы,28.24,Алтайский край,
1939,urban_1939_24,Тайга,город,горсовет,v117: городские контуры 1939–1989 нормализованы как горсоветы,28.24,Новосибирская область,
1939,urban_1939_25,Тара,город,горсовет,v117: городские контуры 1939–1989 нормализованы как горсоветы,28.24,Омская область,
1939,urban_1939_26,Татарск,город,горсовет,v117: городские контуры 1939–1989 нормализованы как горсоветы,28.24,Новосибирская область,
1939,urban_1939_27,Тобольск,город,горсовет,v117: городские контуры 1939–1989 нормализованы как горсоветы,28.24,Омская область,
1939,urban_1939_28,Томск,город,горсовет,v117: городские контуры 1939–1989 нормализованы как горсоветы,28.24,Новосибирская область,
1939,urban_1939_29,Топки,город,горсовет,v117: городские контуры 1939–1989 нормализованы как горсоветы,27.23,Новосибирская область,
1939,urban_1939_30,Тюкалинск,город,горсовет,v117: городские контуры 1939–1989 нормализованы как горсоветы,28.24,Омская область,
1939,urban_1939_31,Тюмень,город,горсовет,v117: городские контуры 1939–1989 нормализованы как горсоветы,28.24,Омская область,
1939,urban_1939_32,Черепаново,город,горсовет,v117: городские контуры 1939–1989 нормализованы как горсоветы,28.24,Новосибирская область,
1939,urban_1939_33,Щегловск / Кемерово,город,горсовет,v117: городские контуры 1939–1989 нормализованы как горсоветы,28.24,Новосибирская область,
1939,urban_1939_34,Ялуторовск,город,горсовет,v117: городские контуры 1939–1989 нормализованы как горсоветы,28.24,Омская область,
1939,urban_1939_35,Бердск,рп/пгт,горсовет,v117: городские контуры 1939–1989 нормализованы как горсоветы,26.97,Новосибирская область,
1939,urban_1939_36,Болотное,рп/пгт,горсовет,v117: городские контуры 1939–1989 нормализованы как горсоветы,28.24,Новосибирская область,
1939,urban_1939_37,Исиль-Куль,рп/пгт,горсовет,v117: городские контуры 1939–1989 нормализованы как горсоветы,28.24,Омская область,
1939,urban_1939_38,Павловск,рп/пгт,горсовет,v117: городские контуры 1939–1989 нормализованы как горсоветы,28.24,Алтайский край,
1939,urban_1939_39,Сузун,рп/пгт,горсовет,v117: городские контуры 1939–1989 нормализованы как горсоветы,28.24,Новосибирская область,
1939,urban_1939_40,Чулым,рп/пгт,горсовет,v117: городские контуры 1939–1989 нормализованы как горсоветы,28.24,Новосибирская область,
1947,adm_1947_55,Барнаульский (рц в г. Барнауле),район,горсовет,v117: городские контуры 1939–1989 нормализованы как горсоветы,2657.03,Алтайский край,
1947,adm_1947_u_5,Новосибирский горсовет,горсовет,город республиканского подчинения,v117: городские контуры 1939–1989 нормализованы как горсоветы,29.51,Новосибирская область,
1947,adm_1947_u_5,Новосибирский горсовет,горсовет,город республиканского подчинения,v117: город республиканского подчинения вынесен из области,29.51,Новосибирск — город республиканского подчинения,Новосибирская область
1947,adm_1947_u_6,Омский горсовет,горсовет,город республиканского подчинения,v117: городские контуры 1939–1989 нормализованы как горсоветы,11.56,Омская область,
1947,adm_1947_u_6,Омский горсовет,горсовет,город республиканского подчинения,v117: город республиканского подчинения вынесен из области,11.56,Омск — город республиканского подчинения,Омская область
1947,adm_1947_u_32,Томский горсовет - г. Томск,горсовет,город республиканского подчинения,v117: городские контуры 1939–1989 нормализованы как горсоветы,20.51,Томская область,
1947,adm_1947_u_32,Томский горсовет - г. Томск,горсовет,город республиканского подчинения,v117: город республиканского подчинения вынесен из области,20.51,Омск — город республиканского подчинения,Томская область
1964,adm_1964_285,Берёзовский промышленный район,промышленный район,горсовет,v117: городские контуры 1939–1989 нормализованы как горсоветы,129.44,Кемеровская область,
1970,adm_1970_119,г. Юрга,район,горсовет,v117: городские контуры 1939–1989 нормализованы как горсоветы,2608.35,Кемеровская область,
1970,adm_1970_148,г. Ялуторовск,район,горсовет,v117: городские контуры 1939–1989 нормализованы как горсоветы,3218.21,Тюменская область,
1970,adm_1970_192,г. Змеиногорск,район,горсовет,v117: городские контуры 1939–1989 нормализованы как горсоветы,25.25,Алтайский край,
1970,adm_1970_193,г. Рубцовск,район,горсовет,v117: городские контуры 1939–1989 нормализованы как горсоветы,7.65,Алтайский край,
1970,adm_1970_194,г. Горно-Алтайск,район,горсовет,v117: городские контуры 1939–1989 нормализованы как горсоветы,6.93,Республика Алтай,
1970,adm_1970_195,г. Бийск,район,горсовет,v117: городские контуры 1939–1989 нормализованы как горсоветы,4.56,Алтайский край,
1970,adm_1970_196,г. Славгород,район,горсовет,v117: городские контуры 1939–1989 нормализованы как горсоветы,7.22,Алтайский край,
1970,adm_1970_197,г. Новоалтайск,район,горсовет,v117: городские контуры 1939–1989 нормализованы как горсоветы,9.06,Алтайский край,
1970,adm_1970_198,г. Камень-на-Оби,район,горсовет,v117: городские контуры 1939–1989 нормализованы как горсоветы,1.58,Алтайский край,
1970,adm_1970_199,г. Киселевск,район,горсовет,v117: городские контуры 1939–1989 нормализованы как горсоветы,4.58,Кемеровская область,
1970,adm_1970_200,г. Прокопьевск,район,горсовет,v117: городские контуры 1939–1989 нормализованы как горсоветы,5.47,Кемеровская область,
1970,adm_1970_201,г. Гурьевск,район,горсовет,v117: городские контуры 1939–1989 нормализованы как горсоветы,1.88,Кемеровская область,
1970,adm_1970_202,г. Белово,район,горсовет,v117: городские контуры 1939–1989 нормализованы как горсоветы,5.25,Кемеровская область,
1970,adm_1970_203,г. Осинники,район,горсовет,v117: городские контуры 1939–1989 нормализованы как горсоветы,2.77,Кемеровская область,
1970,adm_1970_204,г. Таштагол,район,горсовет,v117: городские контуры 1939–1989 нормализованы как горсоветы,14.21,Кемеровская область,
1970,adm_1970_205,г. Междуреченск,район,горсовет,v117: городские контуры 1939–1989 нормализованы как горсоветы,15.98,Кемеровская область,
1970,adm_1970_206,г. Мыски,район,горсовет,v117: городские контуры 1939–1989 нормализованы как горсоветы,17.31,Кемеровская область,
1970,adm_1970_207,г. Новокузнецк,район,горсовет,v117: городские контуры 1939–1989 нормализованы как горсоветы,46.19,Кемеровская область,
1970,adm_1970_208,г. Бердск,район,горсовет,v117: городские контуры 1939–1989 нормализованы как горсоветы,2.74,Новосибирская область,
1970,adm_1970_209,г. Искитим,район,горсовет,v117: городские контуры 1939–1989 нормализованы как горсоветы,13.21,Новосибирская область,
1970,adm_1970_210,г. Исилькуль,район,горсовет,v117: городские контуры 1939–1989 нормализованы как горсоветы,2.64,Омская область,
1970,adm_1970_211,г. Калачинск,район,горсовет,v117: городские контуры 1939–1989 нормализованы как горсоветы,3.75,Омская область,
1970,adm_1970_212,г. Барабинск,район,горсовет,v117: городские контуры 1939–1989 нормализованы как горсоветы,2.3,Новосибирская область,
1970,adm_1970_213,г. Омск,район,горсовет,v117: городские контуры 1939–1989 нормализованы как горсоветы,11.56,Омская область,
1970,adm_1970_214,г. Новосибирск,район,горсовет,v117: городские контуры 1939–1989 нормализованы как горсоветы,13.07,Новосибирская область,
1970,adm_1970_215,г. Татарск,район,горсовет,v117: городские контуры 1939–1989 нормализованы как горсоветы,7.99,Новосибирская область,
1970,adm_1970_216,г. Топки,район,горсовет,v117: городские контуры 1939–1989 нормализованы как горсоветы,7.53,Кемеровская область,
1970,adm_1970_217,г. Березовский,район,горсовет,v117: городские контуры 1939–1989 нормализованы как горсоветы,7.74,Кемеровская область,
1970,adm_1970_218,г. Кемерово,район,горсовет,v117: городские контуры 1939–1989 нормализованы как горсоветы,22.75,Кемеровская область,
1970,adm_1970_219,г. Куйбышев,район,горсовет,v117: городские контуры 1939–1989 нормализованы как горсоветы,1.23,Новосибирская область,
1970,adm_1970_220,г. Ишим,район,горсовет,v117: городские контуры 1939–1989 нормализованы как горсоветы,0.83,Тюменская область,
1970,adm_1970_221,г. Мариинск,район,горсовет,v117: городские контуры 1939–1989 нормализованы как горсоветы,5.43,Кемеровская область,
1970,adm_1970_222,Ялуторовский,район,горсовет,v117: городские контуры 1939–1989 нормализованы как горсоветы,2.73,Тюменская область,
1970,adm_1970_223,г. Томск,район,горсовет,v117: городские контуры 1939–1989 нормализованы как горсоветы,13.7,Томская область,
1970,adm_1970_224,г. Тюмень,район,горсовет,v117: городские контуры 1939–1989 нормализованы как горсоветы,9.24,Тюменская область,
1970,adm_1970_225,г. Тара,район,горсовет,v117: городские контуры 1939–1989 нормализованы как горсоветы,4.23,Омская область,
1970,adm_1970_226,г. Колпашево,район,горсовет,v117: городские контуры 1939–1989 нормализованы как горсоветы,2.92,Томская область,
1970,adm_1970_227,г. Сургут,район,горсовет,v117: городские контуры 1939–1989 нормализованы как горсоветы,18.96,ХМАО,
1970,adm_1970_228,г. Салехард,район,горсовет,v117: городские контуры 1939–1989 нормализованы как горсоветы,107.56,ЯНАО,
1970,adm_1970_229,г. Тайга,район,горсовет,v117: городские контуры 1939–1989 нормализованы как горсоветы,5.27,Кемеровская область,
1970,adm_1970_230,г. Анжеро-Судженск,район,горсовет,v117: городские контуры 1939–1989 нормализованы как горсоветы,8.13,Кемеровская область,
1970,adm_1970_234,г. Нефтеюганск,район,горсовет,v117: городские контуры 1939–1989 нормализованы как горсоветы,32.9,ХМАО,
1970,adm_1970_235,г. Ханты-Мансийск,район,горсовет,v117: городские контуры 1939–1989 нормализованы как горсоветы,0.95,ХМАО,
1970,adm_1970_236,г. Урай,район,горсовет,v117: городские контуры 1939–1989 нормализованы как горсоветы,8.05,ХМАО,
1970,adm_1970_238,г. Тобольск,район,горсовет,v117: городские контуры 1939–1989 нормализованы как горсоветы,2.94,Тюменская область,
1970,adm_1970_239,Алейский,район,горсовет,v117: городские контуры 1939–1989 нормализованы как горсоветы,0.97,Алтайский край,
1970,adm_1970_240,г. Ленинск-Кузнецкий,район,горсовет,v117: городские контуры 1939–1989 нормализованы как горсоветы,4.6,Кемеровская область,
1970,adm_1970_33,г. Алейск,район,горсовет,v117: городские контуры 1939–1989 нормализованы как горсоветы,3408.89,Алтайский край,
1970,adm_1970_49,г. Барнаул,район,горсовет,v117: городские контуры 1939–1989 нормализованы как горсоветы,833.66,Алтайский край,
1979,adm_1979_10,г. Рубцовск,район,горсовет,v117: городские контуры 1939–1989 нормализованы как горсоветы,87.72,Алтайский край,
1979,adm_1979_102,г. Бердск,район,горсовет,v117: городские контуры 1939–1989 нормализованы как горсоветы,51.05,Новосибирская область,
1979,adm_1979_107,г. Исилькуль,район,горсовет,v117: городские контуры 1939–1989 нормализованы как горсоветы,2.64,Омская область,
1979,adm_1979_109,г. Омск,район,горсовет,v117: городские контуры 1939–1989 нормализованы как горсоветы,11.56,Омская область,
1979,adm_1979_112,г. Калачинск,район,горсовет,v117: городские контуры 1939–1989 нормализованы как горсоветы,3.75,Омская область,
1979,adm_1979_115,г. Новосибирск,район,горсовет,v117: городские контуры 1939–1989 нормализованы как горсоветы,638.61,Новосибирская область,
1979,adm_1979_117,г. Татарск,район,горсовет,v117: городские контуры 1939–1989 нормализованы как горсоветы,7.99,Новосибирская область,
1979,adm_1979_120,г. Топки,район,горсовет,v117: городские контуры 1939–1989 нормализованы как горсоветы,7.53,Кемеровская область,
1979,adm_1979_123,г. Барабинск,район,горсовет,v117: городские контуры 1939–1989 нормализованы как горсоветы,2.3,Новосибирская область,
1979,adm_1979_124,г. Кемерово,район,горсовет,v117: городские контуры 1939–1989 нормализованы как горсоветы,22.75,Кемеровская область,
1979,adm_1979_128,г. Куйбышев,район,горсовет,v117: городские контуры 1939–1989 нормализованы как горсоветы,1.23,Новосибирская область,
1979,adm_1979_132,г. Называевск,район,горсовет,v117: городские контуры 1939–1989 нормализованы как горсоветы,10.81,Омская область,
1979,adm_1979_138,г. Березовский,район,горсовет,v117: городские контуры 1939–1989 нормализованы как горсоветы,7.74,Кемеровская область,
1979,adm_1979_140,г. Юрга,район,горсовет,v117: городские контуры 1939–1989 нормализованы как горсоветы,20.87,Кемеровская область,
1979,adm_1979_141,г. Тюкалинск,район,горсовет,v117: городские контуры 1939–1989 нормализованы как горсоветы,0.76,Омская область,
1979,adm_1979_151,г. Анжеро-Судженск,район,горсовет,v117: городские контуры 1939–1989 нормализованы как горсоветы,29.3,Кемеровская область,
1979,adm_1979_152,г. Ишим,район,горсовет,v117: городские контуры 1939–1989 нормализованы как горсоветы,0.83,Тюменская область,
1979,adm_1979_157,г. Мариинск,район,горсовет,v117: городские контуры 1939–1989 нормализованы как горсоветы,5.43,Кемеровская область,
1979,adm_1979_166,г. Томск,район,горсовет,v117: городские контуры 1939–1989 нормализованы как горсоветы,13.7,Томская область,
1979,adm_1979_173,Ялуторовский,район,горсовет,v117: городские контуры 1939–1989 нормализованы как горсоветы,2.73,Тюменская область,
1979,adm_1979_18,г. Горно-Алтайск,район,горсовет,v117: городские контуры 1939–1989 нормализованы как горсоветы,99.33,Республика Алтай,
1979,adm_1979_183,г. Тара,район,горсовет,v117: городские контуры 1939–1989 нормализованы как горсоветы,4.23,Омская область,
1979,adm_1979_185,г. Асино,район,горсовет,v117: городские контуры 1939–1989 нормализованы как горсоветы,6.03,Томская область,
1979,adm_1979_190,г. Ялуторовск,район,горсовет,v117: городские контуры 1939–1989 нормализованы как горсоветы,2993.93,Тюменская область,
1979,adm_1979_191,г. Тюмень,район,горсовет,v117: городские контуры 1939–1989 нормализованы как горсоветы,9.24,Тюменская область,
1979,adm_1979_209,г. Тобольск,район,горсовет,v117: городские контуры 1939–1989 нормализованы как горсоветы,2.94,Тюменская область,
1979,adm_1979_211,г. Колпашево,район,горсовет,v117: городские контуры 1939–1989 нормализованы как горсоветы,2.92,Томская область,
1979,adm_1979_223,г. Урай,район,горсовет,v117: городские контуры 1939–1989 нормализованы как горсоветы,25.01,ХМАО,
1979,adm_1979_226,г. Стрежевой,район,горсовет,v117: городские контуры 1939–1989 нормализованы как горсоветы,6.84,Томская область,
1979,adm_1979_228,г. Нижневартовск,район,горсовет,v117: городские контуры 1939–1989 нормализованы как горсоветы,13.65,ХМАО,
1979,adm_1979_229,г. Ханты-Мансийск,район,горсовет,v117: городские контуры 1939–1989 нормализованы как горсоветы,7.14,ХМАО,
1979,adm_1979_231,г. Нефтеюганск,район,горсовет,v117: городские контуры 1939–1989 нормализованы как горсоветы,25201.97,ХМАО,
1979,adm_1979_232,г. Сургут,район,горсовет,v117: городские контуры 1939–1989 нормализованы как горсоветы,18.96,ХМАО,
1979,adm_1979_239,г. Надым,район,горсовет,v117: городские контуры 1939–1989 нормализованы как горсоветы,22.5,ЯНАО,
1979,adm_1979_241,г. Салехард,район,горсовет,v117: городские контуры 1939–1989 нормализованы как горсоветы,107.56,ЯНАО,
1979,adm_1979_242,г. Лабытнанги,район,горсовет,v117: городские контуры 1939–1989 нормализованы как горсоветы,49.95,ЯНАО,
1979,adm_1979_256,г. Тайга,район,горсовет,v117: городские контуры 1939–1989 нормализованы как горсоветы,9.22,Кемеровская область,
1979,adm_1979_3,г. Змеиногорск,район,горсовет,v117: городские контуры 1939–1989 нормализованы как горсоветы,25.25,Алтайский край,
1979,adm_1979_30,Алейский,район,горсовет,v117: городские контуры 1939–1989 нормализованы как горсоветы,0.97,Алтайский край,
1979,adm_1979_33,г. Бийск,район,горсовет,v117: городские контуры 1939–1989 нормализованы как горсоветы,149.06,Алтайский край,
1979,adm_1979_38,г. Таштагол,район,горсовет,v117: городские контуры 1939–1989 нормализованы как горсоветы,14.21,Кемеровская область,
1979,adm_1979_39,г. Алейск,район,горсовет,v117: городские контуры 1939–1989 нормализованы как горсоветы,3538.4,Алтайский край,
1979,adm_1979_44,г. Славгород,район,горсовет,v117: городские контуры 1939–1989 нормализованы как горсоветы,7.22,Алтайский край,
1979,adm_1979_55,г. Новоалтайск,район,горсовет,v117: городские контуры 1939–1989 нормализованы как горсоветы,119.75,Алтайский край,
1979,adm_1979_57,г. Барнаул,район,горсовет,v117: городские контуры 1939–1989 нормализованы как горсоветы,872.86,Алтайский край,
1979,adm_1979_61,г. Осинники,район,горсовет,v117: городские контуры 1939–1989 нормализованы как горсоветы,2.77,Кемеровская область,
1979,adm_1979_65,г. Междуреченск,район,горсовет,v117: городские контуры 1939–1989 нормализованы как горсоветы,15.98,Кемеровская область,
1979,adm_1979_67,г. Мыски,район,горсовет,v117: городские контуры 1939–1989 нормализованы как горсоветы,17.31,Кемеровская область,
1979,adm_1979_70,г. Новокузнецк,район,горсовет,v117: городские контуры 1939–1989 нормализованы как горсоветы,46.19,Кемеровская область,
1979,adm_1979_71,г. Камень-на-Оби,район,горсовет,v117: городские контуры 1939–1989 нормализованы как горсоветы,1.58,Алтайский край,
1979,adm_1979_74,г. Прокопьевск,район,горсовет,v117: городские контуры 1939–1989 нормализованы как горсоветы,5.47,Кемеровская область,
1979,adm_1979_76,г. Киселевск,район,горсовет,v117: городские контуры 1939–1989 нормализованы как горсоветы,4.58,Кемеровская область,
1979,adm_1979_82,г. Гурьевск,район,горсовет,v117: городские контуры 1939–1989 нормализованы как горсоветы,1.88,Кемеровская область,
1979,adm_1979_88,г. Белово,район,горсовет,v117: городские контуры 1939–1989 нормализованы как горсоветы,5.25,Кемеровская область,
1979,adm_1979_96,г. Искитим,район,горсовет,v117: городские контуры 1939–1989 нормализованы как горсоветы,13.21,Новосибирская область,
1979,adm_1979_97,г. Ленинск-Кузнецкий,район,горсовет,v117: городские контуры 1939–1989 нормализованы как горсоветы,4.6,Кемеровская область,
1989,adm_1989_101,город Бердск,район,горсовет,v117: городские контуры 1939–1989 нормализованы как горсоветы,51.05,Новосибирская область,
1989,adm_1989_122,Кемеровский,район,горсовет,v117: городские контуры 1939–1989 нормализованы как горсоветы,335.37,Кемеровская область,
1989,adm_1989_129,Березовский,район,горсовет,v117: городские контуры 1939–1989 нормализованы как горсоветы,129.44,Кемеровская область,
1989,adm_1989_131,Юргинский,район,горсовет,v117: городские контуры 1939–1989 нормализованы как горсоветы,67.56,Кемеровская область,
1989,adm_1989_143,Анжеро-Судженский,район,горсовет,v117: городские контуры 1939–1989 нормализованы как горсоветы,371.17,Кемеровская область,
1989,adm_1989_145,Тайгинский,район,горсовет,v117: городские контуры 1939–1989 нормализованы как горсоветы,562.6,Кемеровская область,
1989,adm_1989_17,город Горно-Алтайск,район,горсовет,v117: городские контуры 1939–1989 нормализованы как горсоветы,99.33,Республика Алтай,
1989,adm_1989_244+adm_1989_54,город Славгород,район,горсовет,v117: городские контуры 1939–1989 нормализованы как горсоветы,2899.56,Алтайский край,
1989,adm_1989_268,Междуреченский,район,горсовет,v117: городские контуры 1939–1989 нормализованы как горсоветы,15.98,Кемеровская область,
1989,adm_1989_55,город Новоалтайск,район,горсовет,v117: городские контуры 1939–1989 нормализованы как горсоветы,119.75,Алтайский край,
1989,adm_1989_64,Осинниковский,район,горсовет,v117: городские контуры 1939–1989 нормализованы как горсоветы,180.68,Кемеровская область,
1989,adm_1989_67,город Заринск,район,горсовет,v117: городские контуры 1939–1989 нормализованы как горсоветы,85.1,Алтайский край,
1989,adm_1989_71,Новокузнецкий,район,горсовет,v117: городские контуры 1939–1989 нормализованы как горсоветы,430.38,Кемеровская область,
1989,adm_1989_72,Прокопьевский,район,горсовет,v117: городские контуры 1939–1989 нормализованы как горсоветы,232.13,Кемеровская область,
1989,adm_1989_77,Киселевский,район,горсовет,v117: городские контуры 1939–1989 нормализованы как горсоветы,297.3,Кемеровская область,
1989,adm_1989_89,Беловский,район,горсовет,v117: городские контуры 1939–1989 нормализованы как горсоветы,206.75,Кемеровская область,
1989,adm_1989_9,город Рубцовск,район,горсовет,v117: городские контуры 1939–1989 нормализованы как горсоветы,87.72,Алтайский край,
1989,adm_1989_97,Ленинск-Кузнецкий,район,горсовет,v117: городские контуры 1939–1989 нормализованы как горсоветы,445.38,Кемеровская область,
2021,adm_2021_102,Беловский,район,городской округ,v117: современная муниципальная типология 2021,206.75,Кемеровская область,
2021,adm_2021_107,Полысаевский,район,городской округ,v117: современная муниципальная типология 2021,319.07,Кемеровская область,
2021,adm_2021_108,Гурьевский муниципальный округ,округ,муниципальный округ,v117: современная муниципальная типология 2021,2267.4,Кемеровская область,
2021,adm_2021_112,город Искитим,район,городской округ,v117: современная муниципальная типология 2021,62.25,Новосибирская область,
2021,adm_2021_115,Ленинск-Кузнецкий,район,городской округ,v117: современная муниципальная типология 2021,126.31,Кемеровская область,
2021,adm_2021_118,город Бердск,район,городской округ,v117: современная муниципальная типология 2021,62.87,Новосибирская область,
2021,adm_2021_125,рабочий поселок Кольцово,район,городской округ,v117: современная муниципальная типология 2021,20.1,Новосибирская область,
2021,adm_2021_126,Ленинск-Кузнецкий муниципальный округ,округ,муниципальный округ,v117: современная муниципальная типология 2021,2337.34,Кемеровская область,
2021,adm_2021_128,город Обь,район,городской округ,v117: современная муниципальная типология 2021,28.99,Новосибирская область,
2021,adm_2021_134,город Новосибирск,район,городской округ,v117: современная муниципальная типология 2021,484.34,Новосибирская область,
2021,adm_2021_136,город Омск,район,городской округ,v117: современная муниципальная типология 2021,576.43,Омская область,
2021,adm_2021_139,Промышленновский муниципальный округ,округ,муниципальный округ,v117: современная муниципальная типология 2021,3085.18,Кемеровская область,
2021,adm_2021_150,Крапивинский муниципальный округ,округ,муниципальный округ,v117: современная муниципальная типология 2021,6887.84,Кемеровская область,
2021,adm_2021_154,Курган,район,городской округ,v117: современная муниципальная типология 2021,400.83,Курганская область,
2021,adm_2021_155,Кемеровский,район,городской округ,v117: современная муниципальная типология 2021,335.37,Кемеровская область,
2021,adm_2021_163,Топкинский муниципальный округ,округ,муниципальный округ,v117: современная муниципальная типология 2021,2767.65,Кемеровская область,
2021,adm_2021_166,Березовский,район,городской округ,v117: современная муниципальная типология 2021,129.44,Кемеровская область,
2021,adm_2021_168,Юргинский,район,городской округ,v117: современная муниципальная типология 2021,67.56,Кемеровская область,
2021,adm_2021_173,Кемеровский муниципальный округ,округ,муниципальный округ,v117: современная муниципальная типология 2021,4289.95,Кемеровская область,
2021,adm_2021_18,город Горно-Алтайск,район,городской округ,v117: современная муниципальная типология 2021,99.33,Республика Алтай,
2021,adm_2021_187,город Ишим,район,городской округ,v117: современная муниципальная типология 2021,59.34,Тюменская область,
2021,adm_2021_188,Чебулинский муниципальный округ,округ,муниципальный округ,v117: современная муниципальная типология 2021,3728.18,Кемеровская область,
2021,adm_2021_189,Юргинский муниципальный округ,округ,муниципальный округ,v117: современная муниципальная типология 2021,2499.09,Кемеровская область,
2021,adm_2021_19,город Белокуриха,район,городской округ,v117: современная муниципальная типология 2021,100.4,Алтайский край,
2021,adm_2021_190,Анжеро-Судженский,район,городской округ,v117: современная муниципальная типология 2021,370.57,Кемеровская область,
2021,adm_2021_193,город Шадринск,район,городской округ,v117: современная муниципальная типология 2021,190.67,Курганская область,
2021,adm_2021_195,Тайгинский,район,городской округ,v117: современная муниципальная типология 2021,562.6,Кемеровская область,
2021,adm_2021_196,Яшкинский муниципальный округ,округ,муниципальный округ,v117: современная муниципальная типология 2021,2965.6,Кемеровская область,
2021,adm_2021_203,Тяжинский муниципальный округ,округ,муниципальный округ,v117: современная муниципальная типология 2021,3527.92,Кемеровская область,
2021,adm_2021_214,Яйский муниципальный округ,округ,муниципальный округ,v117: современная муниципальная типология 2021,2521.96,Кемеровская область,
2021,adm_2021_216,Ижморский муниципальный округ,округ,муниципальный округ,v117: современная муниципальная типология 2021,3591.95,Кемеровская область,
2021,adm_2021_219,город Ялуторовск,район,городской округ,v117: современная муниципальная типология 2021,48.52,Тюменская область,
2021,adm_2021_220,город Томск,район,городской округ,v117: современная муниципальная типология 2021,304.35,Томская область,
2021,adm_2021_227,Голышмановский,район,городской округ,v117: современная муниципальная типология 2021,4080.14,Тюменская область,
2021,adm_2021_228,ЗАТО Северск,район,городской округ,v117: современная муниципальная типология 2021,488.08,Томская область,
2021,adm_2021_229,Заводоуковский,район,городской округ,v117: современная муниципальная типология 2021,2988.52,Тюменская область,
2021,adm_2021_239,город Тюмень,район,городской округ,v117: современная муниципальная типология 2021,695.3,Тюменская область,
2021,adm_2021_247,город Кедровый,район,городской округ,v117: современная муниципальная типология 2021,1743.48,Томская область,
2021,adm_2021_257,город Тобольск,район,городской округ,v117: современная муниципальная типология 2021,239.45,Тюменская область,
2021,adm_2021_267,город Пыть-Ях,район,городской округ,v117: современная муниципальная типология 2021,6.19,Ханты-Мансийский автономный округ,
2021,adm_2021_268,город Стрежевой,район,городской округ,v117: современная муниципальная типология 2021,193.16,Томская область,
2021,adm_2021_270,город Нижневартовск,район,городской округ,v117: современная муниципальная типология 2021,27.09,Ханты-Мансийский автономный округ,
2021,adm_2021_32,город Алейск,район,городской округ,v117: современная муниципальная типология 2021,60.01,Алтайский край,
2021,adm_2021_35,город Бийск,район,городской округ,v117: современная муниципальная типология 2021,298.01,Алтайский край,
2021,adm_2021_46,город Яровое,район,городской округ,v117: современная муниципальная типология 2021,52.14,Алтайский край,
2021,adm_2021_552,город Мегион,район,городской округ,v117: современная муниципальная типология 2021,34.32,Ханты-Мансийский автономный округ,
2021,adm_2021_553,город Нефтеюганск,район,городской округ,v117: современная муниципальная типология 2021,5.46,Ханты-Мансийский автономный округ,
2021,adm_2021_554,город Ханты-Мансийск,район,городской округ,v117: современная муниципальная типология 2021,337.87,Ханты-Мансийский автономный округ,
2021,adm_2021_557,город Лангепас,район,городской округ,v117: современная муниципальная типология 2021,59.69,Ханты-Мансийский автономный округ,
2021,adm_2021_558,город Сургут,район,городской округ,v117: современная муниципальная типология 2021,340.72,Ханты-Мансийский автономный округ,
2021,adm_2021_559,г Югорск,район,городской округ,v117: современная муниципальная типология 2021,318.0,Тюменская область,
2021,adm_2021_560,город Покачи,район,городской округ,v117: современная муниципальная типология 2021,21.78,Ханты-Мансийский автономный округ,
2021,adm_2021_561,город Радужный,район,городской округ,v117: современная муниципальная типология 2021,39.93,Ханты-Мансийский автономный округ,
2021,adm_2021_563,город Нягань,район,городской округ,v117: современная муниципальная типология 2021,945.15,Ханты-Мансийский автономный округ,
2021,adm_2021_564,город Когалым,район,городской округ,v117: современная муниципальная типология 2021,202.73,Ханты-Мансийский автономный округ,
2021,adm_2021_567,город Ноябрьск,район,городской округ,v117: современная муниципальная типология 2021,192.02,Ямало-Ненецкий автономный округ,
2021,adm_2021_571,город Муравленко,район,городской округ,v117: современная муниципальная типология 2021,94.85,Ямало-Ненецкий автономный округ,
2021,adm_2021_572,город Губкинский,район,городской округ,v117: современная муниципальная типология 2021,115.47,Ямало-Ненецкий автономный округ,
2021,adm_2021_575,город Новый Уренгой,район,городской округ,v117: современная муниципальная типология 2021,233.05,Ямало-Ненецкий автономный округ,
2021,adm_2021_576,город Салехард,район,городской округ,v117: современная муниципальная типология 2021,1060.22,Ямало-Ненецкий автономный округ,
2021,adm_2021_577,город Лабытнанги,район,городской округ,v117: современная муниципальная типология 2021,138.77,Ямало-Ненецкий автономный округ,
2021,adm_2021_580,Муниципальный округ Пуровский район,округ,муниципальный округ,v117: современная муниципальная типология 2021,108518.68,Ямало-Ненецкий автономный округ,
2021,adm_2021_581,Муниципальный округ Надымский район,округ,муниципальный округ,v117: современная муниципальная типология 2021,98471.59,Ямало-Ненецкий автономный округ,
2021,adm_2021_59,город Славгород,район,городской округ,v117: современная муниципальная типология 2021,2074.96,Алтайский край,
2021,adm_2021_62,город Новоалтайск,район,городской округ,v117: современная муниципальная типология 2021,84.81,Алтайский край,
2021,adm_2021_64,город Барнаул,район,городской округ,v117: современная муниципальная типология 2021,981.52,Алтайский край,
2021,adm_2021_71,ЗАТО Сибирский,район,городской округ,v117: современная муниципальная типология 2021,5.41,Алтайский край,
2021,adm_2021_72,Калтанский,район,городской округ,v117: современная муниципальная типология 2021,109.21,Кемеровская область,
2021,adm_2021_74,Осинниковский,район,городской округ,v117: современная муниципальная типология 2021,71.47,Кемеровская область,
2021,adm_2021_77,город Заринск,район,городской округ,v117: современная муниципальная типология 2021,85.69,Алтайский край,
2021,adm_2021_80,Мысковский,район,городской округ,v117: современная муниципальная типология 2021,728.51,Кемеровская область,
2021,adm_2021_81,Новокузнецкий,район,городской округ,v117: современная муниципальная типология 2021,425.58,Кемеровская область,
2021,adm_2021_82,Прокопьевский,район,городской округ,v117: современная муниципальная типология 2021,232.13,Кемеровская область,
2021,adm_2021_88,Киселевский,район,городской округ,v117: современная муниципальная типология 2021,297.3,Кемеровская область,
2021,adm_2021_89,Краснобродский,район,городской округ,v117: современная муниципальная типология 2021,76.07,Кемеровская область,
2021,adm_2021_9,город Рубцовск,район,городской округ,v117: современная муниципальная типология 2021,87.72,Алтайский край,
2021,adm_2021_95,Прокопьевский муниципальный округ,округ,муниципальный округ,v117: современная муниципальная типология 2021,3325.53,Кемеровская область,
2021,adm_2021_98,Междуреченский,район,городской округ,v117: современная муниципальная типология 2021,7319.15,Кемеровская область,
2021,adm_2021_diss_6588403,Муниципальный округ Тазовский район,округ,муниципальный округ,v117: современная муниципальная типология 2021,132974.56,Ямало-Ненецкий автономный округ,
