year,source_id,source_name,source_parent,target_id,target_name,target_parent,boundary_km,relation,contact_method,is_bridge
1939,adm_1939_131,Абатский,Омская область,adm_1939_150,Викуловский,Омская область,64.91,same_parent,shared_boundary,False
1939,adm_1939_131,Абатский,Омская область,adm_1939_133,Ишимский,Омская область,41.687,same_parent,shared_boundary,False
1939,adm_1939_131,Абатский,Омская область,adm_1939_134,Крутинский,Омская область,146.604,same_parent,shared_boundary,False
1939,adm_1939_131,Абатский,Омская область,adm_1939_186,Сорокинский,Омская область,97.928,same_parent,shared_boundary,False
1939,adm_1939_75,Азовский,Омская область,adm_1939_94,Кагановичский (рц в г. Омске),Омская область,54.583,same_parent,shared_boundary,False
1939,adm_1939_75,Азовский,Омская область,adm_1939_85,Марьяновский,Омская область,16.455,same_parent,shared_boundary,False
1939,adm_1939_20,Алейский,Алтайский край,adm_1939_36,Парфеновский,Алтайский край,67.995,same_parent,shared_boundary,False
1939,adm_1939_20,Алейский,Алтайский край,adm_1939_31,Топчихинский,Алтайский край,30.407,same_parent,shared_boundary,False
1939,adm_1939_20,Алейский,Алтайский край,adm_1939_24,Усть-Пристанский,Алтайский край,18.251,same_parent,shared_boundary,False
1939,adm_1939_20,Алейский,Алтайский край,adm_1939_21,Шипуновский,Алтайский край,75.038,same_parent,shared_boundary,False
1939,adm_1939_194,Алтайский,Алтайский край,adm_1939_6,Шебалинский,Алтайский край,64.764,same_parent,shared_boundary,False
1939,adm_1939_42,Андреевский,Алтайский край,adm_1939_60,Карасукский,Алтайский край,98.62,same_parent,shared_boundary,False
1939,adm_1939_42,Андреевский,Алтайский край,adm_1939_76,Купинский,Новосибирская область,141.538,cross_parent,shared_boundary,False
1939,adm_1939_42,Андреевский,Алтайский край,adm_1939_44,Славгородский,Алтайский край,36.845,same_parent,shared_boundary,False
1939,adm_1939_129,Анжеро-Судженский (рц в г. Анжеро-Судженске),Новосибирская область,adm_1939_144,Зырянский,Новосибирская область,13.956,same_parent,shared_boundary,False
1939,adm_1939_129,Анжеро-Судженский (рц в г. Анжеро-Судженске),Новосибирская область,adm_1939_130,Ижморский,Новосибирская область,88.184,same_parent,shared_boundary,False
1939,adm_1939_129,Анжеро-Судженский (рц в г. Анжеро-Судженске),Новосибирская область,adm_1939_200,Томский (рц в г. Томске),Новосибирская область,17.277,same_parent,shared_boundary,False
1939,adm_1939_129,Анжеро-Судженский (рц в г. Анжеро-Судженске),Новосибирская область,adm_1939_149,Туганский,Новосибирская область,60.222,same_parent,shared_boundary,False
1939,adm_1939_122,Армизонский,Омская область,adm_1939_141,Голышмановский,Омская область,35.095,same_parent,shared_boundary,False
1939,adm_1939_122,Армизонский,Омская область,adm_1939_136,Ново-Заимский,Омская область,44.815,same_parent,shared_boundary,False
1939,adm_1939_122,Армизонский,Омская область,adm_1939_139,Омутинский,Омская область,98.214,same_parent,shared_boundary,False
1939,adm_1939_148,Аромашевский,Омская область,adm_1939_157,Вагайский,Омская область,107.687,same_parent,shared_boundary,False
1939,adm_1939_148,Аромашевский,Омская область,adm_1939_186,Сорокинский,Омская область,60.491,same_parent,shared_boundary,False
1939,adm_1939_166,Асиновский,Новосибирская область,adm_1939_170,Колпашевский (рц в г. Колпашево),Новосибирская область,168.605,same_parent,shared_boundary,False
1939,adm_1939_43,Баевский,Алтайский край,adm_1939_61,Каменский,Алтайский край,60.436,same_parent,shared_boundary,False
1939,adm_1939_43,Баевский,Алтайский край,adm_1939_52,Панкрушихинский,Алтайский край,46.579,same_parent,shared_boundary,False
1939,adm_1939_43,Баевский,Алтайский край,adm_1939_46,Тюменцевский,Алтайский край,44.069,same_parent,shared_boundary,False
1939,adm_1939_43,Баевский,Алтайский край,adm_1939_49,Хабаровский,Алтайский край,10.265,same_parent,shared_boundary,False
1939,adm_1939_160,Байкаловский,Омская область,adm_1939_167,Тобольский (рц в г. Тобольске),Омская область,159.712,same_parent,shared_boundary,False
1939,adm_1939_160,Байкаловский,Омская область,adm_1939_201,Ярковский,Омская область,121.722,same_parent,shared_boundary,False
1939,adm_1939_153,Бакчарский,Новосибирская область,adm_1939_158,Кривошеинский,Новосибирская область,30.057,same_parent,shared_boundary,False
1939,adm_1939_153,Бакчарский,Новосибирская область,adm_1939_168,Парабельский,Новосибирская область,111.385,same_parent,shared_boundary,False
1939,adm_1939_153,Бакчарский,Новосибирская область,adm_1939_164,Чаинский,Новосибирская область,100.817,same_parent,shared_boundary,False
1939,adm_1939_113,Барзасский,Новосибирская область,adm_1939_129,Анжеро-Судженский (рц в г. Анжеро-Судженске),Новосибирская область,31.059,same_parent,shared_boundary,False
1939,adm_1939_113,Барзасский,Новосибирская область,adm_1939_130,Ижморский,Новосибирская область,63.833,same_parent,shared_boundary,False
1939,adm_1939_113,Барзасский,Новосибирская область,adm_1939_99,Кемеровский (рц в г. Кемерово),Новосибирская область,77.424,same_parent,shared_boundary,False
1939,adm_1939_113,Барзасский,Новосибирская область,adm_1939_93,Крапивенский,Новосибирская область,26.477,same_parent,shared_boundary,False
1939,adm_1939_113,Барзасский,Новосибирская область,adm_1939_121,Тайгинский,Новосибирская область,46.527,same_parent,shared_boundary,False
1939,adm_1939_113,Барзасский,Новосибирская область,adm_1939_118,Чебулинский,Новосибирская область,59.735,same_parent,shared_boundary,False
1939,adm_1939_45,Барнаульский (рц в г. Барнауле),Алтайский край,adm_1939_51,Краюшкинский,Алтайский край,54.894,same_parent,shared_boundary,False
1939,adm_1939_45,Барнаульский (рц в г. Барнауле),Алтайский край,adm_1939_47,Павловский,Алтайский край,26.222,same_parent,shared_boundary,False
1939,adm_1939_45,Барнаульский (рц в г. Барнауле),Алтайский край,adm_1939_53,Тальменский,Алтайский край,46.343,same_parent,shared_boundary,False
1939,adm_1939_68,Беловский,Новосибирская область,adm_1939_93,Крапивенский,Новосибирская область,91.278,same_parent,shared_boundary,False
1939,adm_1939_68,Беловский,Новосибирская область,adm_1939_70,Кузнецкий (Сталинский) (рц в г. Сталинске),Новосибирская область,26.82,same_parent,shared_boundary,False
1939,adm_1939_68,Беловский,Новосибирская область,adm_1939_79,Ленинск-Кузнецкий (рц в г. Ленинске-Кузнецком),Новосибирская область,54.982,same_parent,shared_boundary,False
1939,adm_1939_13,Белоглазовский,Алтайский край,adm_1939_20,Алейский,Алтайский край,13.399,same_parent,shared_boundary,False
1939,adm_1939_13,Белоглазовский,Алтайский край,adm_1939_190,Краснощековский,Алтайский край,49.058,same_parent,shared_boundary,False
1939,adm_1939_13,Белоглазовский,Алтайский край,adm_1939_7,Курьинский,Алтайский край,8.718,same_parent,shared_boundary,False
1939,adm_1939_13,Белоглазовский,Алтайский край,adm_1939_14,Поспелихинский,Алтайский край,20.528,same_parent,shared_boundary,False
1939,adm_1939_13,Белоглазовский,Алтайский край,adm_1939_15,Усть-Калманский,Алтайский край,38.203,same_parent,shared_boundary,False
1939,adm_1939_13,Белоглазовский,Алтайский край,adm_1939_21,Шипуновский,Алтайский край,59.867,same_parent,shared_boundary,False
1939,adm_1939_116,Бердюжский,Омская область,adm_1939_122,Армизонский,Омская область,52.793,same_parent,shared_boundary,False
1939,adm_1939_116,Бердюжский,Омская область,adm_1939_141,Голышмановский,Омская область,42.36,same_parent,shared_boundary,False
1939,adm_1939_116,Бердюжский,Омская область,adm_1939_133,Ишимский,Омская область,45.524,same_parent,shared_boundary,False
1939,adm_1939_176,Березовский,Омская область,adm_1939_177,Шурышкарский,Омская область,279.893,same_parent,shared_boundary,False
1939,adm_1939_25,Бийский,Алтайский край,adm_1939_28,Зональный (рц в г. Бийске),Алтайский край,58.449,same_parent,shared_boundary,False
1939,adm_1939_25,Бийский,Алтайский край,adm_1939_30,Марушинский,Алтайский край,59.15,same_parent,shared_boundary,False
1939,adm_1939_35,Благовещенский,Алтайский край,adm_1939_43,Баевский,Алтайский край,28.111,same_parent,shared_boundary,False
1939,adm_1939_35,Благовещенский,Алтайский край,adm_1939_40,Знаменский,Алтайский край,99.937,same_parent,shared_boundary,False
1939,adm_1939_115,Болотинский,Новосибирская область,adm_1939_125,Кожевниковский,Новосибирская область,30.46,same_parent,shared_boundary,False
1939,adm_1939_115,Болотинский,Новосибирская область,adm_1939_95,Тогучинский,Новосибирская область,28.963,same_parent,shared_boundary,False
1939,adm_1939_115,Болотинский,Новосибирская область,adm_1939_200,Томский (рц в г. Томске),Новосибирская область,36.943,same_parent,shared_boundary,False
1939,adm_1939_115,Болотинский,Новосибирская область,adm_1939_197,Юргинский,Новосибирская область,100.474,same_parent,shared_boundary,False
1939,adm_1939_123,Большереченский,Омская область,adm_1939_135,Дзержинский (Ежовский),Омская область,67.552,same_parent,shared_boundary,False
1939,adm_1939_123,Большереченский,Омская область,adm_1939_198,Колосковский,Омская область,51.869,same_parent,shared_boundary,False
1939,adm_1939_123,Большереченский,Омская область,adm_1939_140,Муромцевский,Омская область,56.711,same_parent,shared_boundary,False
1939,adm_1939_154,Большеуковский,Омская область,adm_1939_155,Знаменский,Омская область,80.621,same_parent,shared_boundary,False
1939,adm_1939_154,Большеуковский,Омская область,adm_1939_198,Колосковский,Омская область,57.488,same_parent,shared_boundary,False
1939,adm_1939_154,Большеуковский,Омская область,adm_1939_162,Тевризский,Омская область,125.549,same_parent,shared_boundary,False
1939,adm_1939_154,Большеуковский,Омская область,adm_1939_161,Усть-Ишимский,Омская область,79.77,same_parent,shared_boundary,False
1939,adm_1939_19,Быстро-Истокский,Алтайский край,adm_1939_28,Зональный (рц в г. Бийске),Алтайский край,27.354,same_parent,shared_boundary,False
1939,adm_1939_19,Быстро-Истокский,Алтайский край,adm_1939_38,Троицкий,Алтайский край,22.444,same_parent,shared_boundary,False
1939,adm_1939_19,Быстро-Истокский,Алтайский край,adm_1939_24,Усть-Пристанский,Алтайский край,81.591,same_parent,shared_boundary,False
1939,adm_1939_157,Вагайский,Омская область,adm_1939_160,Байкаловский,Омская область,54.265,same_parent,shared_boundary,False
1939,adm_1939_157,Вагайский,Омская область,adm_1939_165,Дубровинский,Омская область,128.041,same_parent,shared_boundary,False
1939,adm_1939_157,Вагайский,Омская область,adm_1939_186,Сорокинский,Омская область,33.392,same_parent,shared_boundary,False
1939,adm_1939_157,Вагайский,Омская область,adm_1939_167,Тобольский (рц в г. Тобольске),Омская область,51.804,same_parent,shared_boundary,False
1939,adm_1939_157,Вагайский,Омская область,adm_1939_161,Усть-Ишимский,Омская область,105.208,same_parent,shared_boundary,False
1939,adm_1939_157,Вагайский,Омская область,adm_1939_201,Ярковский,Омская область,70.184,same_parent,shared_boundary,False
1939,adm_1939_156,Велижанский,Омская область,adm_1939_159,Нижне-Тавдинский,Омская область,104.522,same_parent,shared_boundary,False
1939,adm_1939_124,Венгеровский,Новосибирская область,adm_1939_147,Кыштовский,Новосибирская область,113.872,same_parent,shared_boundary,False
1939,adm_1939_124,Венгеровский,Новосибирская область,adm_1939_142,Северный,Новосибирская область,64.768,same_parent,shared_boundary,False
1939,adm_1939_124,Венгеровский,Новосибирская область,adm_1939_96,Татарский,Новосибирская область,24.849,same_parent,shared_boundary,False
1939,adm_1939_150,Викуловский,Омская область,adm_1939_154,Большеуковский,Омская область,217.973,same_parent,shared_boundary,False
1939,adm_1939_150,Викуловский,Омская область,adm_1939_157,Вагайский,Омская область,50.363,same_parent,shared_boundary,False
1939,adm_1939_150,Викуловский,Омская область,adm_1939_186,Сорокинский,Омская область,115.582,same_parent,shared_boundary,False
1939,adm_1939_150,Викуловский,Омская область,adm_1939_161,Усть-Ишимский,Омская область,54.166,same_parent,shared_boundary,False
1939,adm_1939_16,Волчихинский,Алтайский край,adm_1939_26,Ключевский,Алтайский край,135.796,same_parent,shared_boundary,False
1939,adm_1939_16,Волчихинский,Алтайский край,adm_1939_29,Мамонтовский,Алтайский край,14.643,same_parent,shared_boundary,False
1939,adm_1939_16,Волчихинский,Алтайский край,adm_1939_18,Новочихинский,Алтайский край,22.232,same_parent,shared_boundary,False
1939,adm_1939_16,Волчихинский,Алтайский край,adm_1939_27,Родинский,Алтайский край,87.703,same_parent,shared_boundary,False
1939,adm_1939_16,Волчихинский,Алтайский край,adm_1939_8,Рубцовский,Алтайский край,77.79,same_parent,shared_boundary,False
1939,adm_1939_141,Голышмановский,Омская область,adm_1939_148,Аромашевский,Омская область,76.585,same_parent,shared_boundary,False
1939,adm_1939_141,Голышмановский,Омская область,adm_1939_146,Юргинский,Омская область,10.858,same_parent,shared_boundary,False
1939,adm_1939_64,Горно-Шорский,Новосибирская область,adm_1939_70,Кузнецкий (Сталинский) (рц в г. Сталинске),Новосибирская область,230.403,same_parent,shared_boundary,False
1939,adm_1939_104,Горьковский,Омская область,adm_1939_123,Большереченский,Омская область,37.619,same_parent,shared_boundary,False
1939,adm_1939_104,Горьковский,Омская область,adm_1939_94,Кагановичский (рц в г. Омске),Омская область,20.291,same_parent,shared_boundary,False
1939,adm_1939_104,Горьковский,Омская область,adm_1939_90,Калачинский,Омская область,36.593,same_parent,shared_boundary,False
1939,adm_1939_104,Горьковский,Омская область,adm_1939_92,Кормиловский,Омская область,95.605,same_parent,shared_boundary,False
1939,adm_1939_104,Горьковский,Омская область,adm_1939_105,Молотовский,Омская область,88.698,same_parent,shared_boundary,False
1939,adm_1939_104,Горьковский,Омская область,adm_1939_117,Саргатский,Омская область,41.025,same_parent,shared_boundary,False
1939,adm_1939_17,Грязнюхинский,Алтайский край,adm_1939_194,Алтайский,Алтайский край,59.441,same_parent,shared_boundary,False
1939,adm_1939_17,Грязнюхинский,Алтайский край,adm_1939_25,Бийский,Алтайский край,6.636,same_parent,shared_boundary,False
1939,adm_1939_17,Грязнюхинский,Алтайский край,adm_1939_189,Смоленский,Алтайский край,76.59,same_parent,shared_boundary,False
1939,adm_1939_17,Грязнюхинский,Алтайский край,adm_1939_192,Старо-Бардинский,Алтайский край,52.975,same_parent,shared_boundary,False
1939,adm_1939_196,Гурьевский,Новосибирская область,adm_1939_68,Беловский,Новосибирская область,45.652,same_parent,shared_boundary,False
1939,adm_1939_196,Гурьевский,Новосибирская область,adm_1939_65,Залесовский,Алтайский край,31.531,cross_parent,shared_boundary,False
1939,adm_1939_196,Гурьевский,Новосибирская область,adm_1939_79,Ленинск-Кузнецкий (рц в г. Ленинске-Кузнецком),Новосибирская область,91.781,same_parent,shared_boundary,False
1939,adm_1939_196,Гурьевский,Новосибирская область,adm_1939_71,Маслянинский,Новосибирская область,31.196,same_parent,shared_boundary,False
1939,adm_1939_196,Гурьевский,Новосибирская область,adm_1939_86,Титовский,Новосибирская область,40.115,same_parent,shared_boundary,False
1939,adm_1939_196,Гурьевский,Новосибирская область,adm_1939_56,Тогульский,Алтайский край,2.041,cross_parent,shared_boundary,False
1939,adm_1939_196,Гурьевский,Новосибирская область,adm_1939_95,Тогучинский,Новосибирская область,10.428,same_parent,shared_boundary,False
1939,adm_1939_135,Дзержинский (Ежовский),Омская область,adm_1939_198,Колосковский,Омская область,40.785,same_parent,shared_boundary,False
1939,adm_1939_135,Дзержинский (Ежовский),Омская область,adm_1939_140,Муромцевский,Омская область,117.945,same_parent,shared_boundary,False
1939,adm_1939_135,Дзержинский (Ежовский),Омская область,adm_1939_152,Седельниковский,Омская область,1.342,same_parent,overlap_sliver_boundary,False
1939,adm_1939_135,Дзержинский (Ежовский),Омская область,adm_1939_199,Тарский (рц в г. Таре),Омская область,107.054,same_parent,shared_boundary,False
1939,adm_1939_77,Доволенский,Новосибирская область,adm_1939_82,Здвинский,Новосибирская область,126.177,same_parent,shared_boundary,False
1939,adm_1939_165,Дубровинский,Омская область,adm_1939_167,Тобольский (рц в г. Тобольске),Омская область,72.141,same_parent,shared_boundary,False
1939,adm_1939_165,Дубровинский,Омская область,adm_1939_169,Уватский,Омская область,106.342,same_parent,shared_boundary,False
1939,adm_1939_12,Егорьевский,Алтайский край,adm_1939_16,Волчихинский,Алтайский край,90.5,same_parent,shared_boundary,False
1939,adm_1939_12,Егорьевский,Алтайский край,adm_1939_18,Новочихинский,Алтайский край,46.12,same_parent,shared_boundary,False
1939,adm_1939_12,Егорьевский,Алтайский край,adm_1939_8,Рубцовский,Алтайский край,177.47,same_parent,shared_boundary,False
1939,adm_1939_41,Ельцовский,Алтайский край,adm_1939_64,Горно-Шорский,Новосибирская область,25.83,cross_parent,shared_boundary,False
1939,adm_1939_41,Ельцовский,Алтайский край,adm_1939_56,Тогульский,Алтайский край,164.069,same_parent,shared_boundary,False
1939,adm_1939_34,Завьяловский,Алтайский край,adm_1939_43,Баевский,Алтайский край,49.587,same_parent,shared_boundary,False
1939,adm_1939_34,Завьяловский,Алтайский край,adm_1939_35,Благовещенский,Алтайский край,38.87,same_parent,shared_boundary,False
1939,adm_1939_34,Завьяловский,Алтайский край,adm_1939_39,Ребрихинский,Алтайский край,26.201,same_parent,shared_boundary,False
1939,adm_1939_34,Завьяловский,Алтайский край,adm_1939_46,Тюменцевский,Алтайский край,23.205,same_parent,shared_boundary,False
1939,adm_1939_65,Залесовский,Алтайский край,adm_1939_71,Маслянинский,Новосибирская область,91.548,cross_parent,shared_boundary,False
1939,adm_1939_82,Здвинский,Новосибирская область,adm_1939_91,Барабинский,Новосибирская область,95.788,same_parent,shared_boundary,False
1939,adm_1939_191,Змеиногорский,Алтайский край,adm_1939_7,Курьинский,Алтайский край,88.358,same_parent,shared_boundary,False
1939,adm_1939_191,Змеиногорский,Алтайский край,adm_1939_3,Локтевский,Алтайский край,101.738,same_parent,shared_boundary,False
1939,adm_1939_191,Змеиногорский,Алтайский край,adm_1939_8,Рубцовский,Алтайский край,18.035,same_parent,shared_boundary,False
1939,adm_1939_191,Змеиногорский,Алтайский край,adm_1939_9,Чарышский,Алтайский край,25.56,same_parent,shared_boundary,False
1939,adm_1939_40,Знаменский,Алтайский край,adm_1939_43,Баевский,Алтайский край,32.93,same_parent,shared_boundary,False
1939,adm_1939_155,Знаменский,Омская область,adm_1939_171,Каргасокский,Новосибирская область,167.891,cross_parent,shared_boundary,False
1939,adm_1939_155,Знаменский,Омская область,adm_1939_198,Колосковский,Омская область,9.014,same_parent,shared_boundary,False
1939,adm_1939_40,Знаменский,Алтайский край,adm_1939_44,Славгородский,Алтайский край,55.666,same_parent,shared_boundary,False
1939,adm_1939_155,Знаменский,Омская область,adm_1939_181,Сургутский,Омская область,75.548,same_parent,shared_boundary,False
1939,adm_1939_155,Знаменский,Омская область,adm_1939_199,Тарский (рц в г. Таре),Омская область,131.209,same_parent,shared_boundary,False
1939,adm_1939_155,Знаменский,Омская область,adm_1939_162,Тевризский,Омская область,141.038,same_parent,shared_boundary,False
1939,adm_1939_40,Знаменский,Алтайский край,adm_1939_49,Хабаровский,Алтайский край,95.513,same_parent,shared_boundary,False
1939,adm_1939_28,Зональный (рц в г. Бийске),Алтайский край,adm_1939_30,Марушинский,Алтайский край,53.748,same_parent,shared_boundary,False
1939,adm_1939_28,Зональный (рц в г. Бийске),Алтайский край,adm_1939_38,Троицкий,Алтайский край,78.81,same_parent,shared_boundary,False
1939,adm_1939_144,Зырянский,Новосибирская область,adm_1939_166,Асиновский,Новосибирская область,99.248,same_parent,shared_boundary,False
1939,adm_1939_144,Зырянский,Новосибирская область,adm_1939_163,Тегульдетский,Новосибирская область,93.567,same_parent,shared_boundary,False
1939,adm_1939_144,Зырянский,Новосибирская область,adm_1939_149,Туганский,Новосибирская область,20.326,same_parent,shared_boundary,False
1939,adm_1939_130,Ижморский,Новосибирская область,adm_1939_144,Зырянский,Новосибирская область,63.895,same_parent,shared_boundary,False
1939,adm_1939_130,Ижморский,Новосибирская область,adm_1939_132,Мариинский,Новосибирская область,92.647,same_parent,shared_boundary,False
1939,adm_1939_78,Ирменский,Новосибирская область,adm_1939_80,Искитимский,Новосибирская область,34.548,same_parent,shared_boundary,False
1939,adm_1939_78,Ирменский,Новосибирская область,adm_1939_98,Коченевский,Новосибирская область,89.754,same_parent,shared_boundary,False
1939,adm_1939_78,Ирменский,Новосибирская область,adm_1939_88,Новосибирский (рц в г. Новосибирске),Новосибирская область,37.932,same_parent,shared_boundary,False
1939,adm_1939_138,Исетский,Омская область,adm_1939_151,Тюменский (рц в г. Тюмени),Омская область,37.25,same_parent,shared_boundary,False
1939,adm_1939_138,Исетский,Омская область,adm_1939_145,Ялуторовский,Омская область,38.915,same_parent,shared_boundary,False
1939,adm_1939_80,Искитимский,Новосибирская область,adm_1939_84,Легостаевский,Новосибирская область,55.923,same_parent,shared_boundary,False
1939,adm_1939_80,Искитимский,Новосибирская область,adm_1939_97,Мошковский,Новосибирская область,19.055,same_parent,shared_boundary,False
1939,adm_1939_80,Искитимский,Новосибирская область,adm_1939_88,Новосибирский (рц в г. Новосибирске),Новосибирская область,57.576,same_parent,shared_boundary,False
1939,adm_1939_133,Ишимский,Омская область,adm_1939_148,Аромашевский,Омская область,9.043,same_parent,shared_boundary,False
1939,adm_1939_133,Ишимский,Омская область,adm_1939_141,Голышмановский,Омская область,95.892,same_parent,shared_boundary,False
1939,adm_1939_133,Ишимский,Омская область,adm_1939_186,Сорокинский,Омская область,99.639,same_parent,shared_boundary,False
1939,adm_1939_108,Казанский,Омская область,adm_1939_116,Бердюжский,Омская область,76.674,same_parent,shared_boundary,False
1939,adm_1939_108,Казанский,Омская область,adm_1939_133,Ишимский,Омская область,68.641,same_parent,shared_boundary,False
1939,adm_1939_108,Казанский,Омская область,adm_1939_110,Маслянский,Омская область,61.563,same_parent,shared_boundary,False
1939,adm_1939_90,Калачинский,Омская область,adm_1939_92,Кормиловский,Омская область,57.8,same_parent,shared_boundary,False
1939,adm_1939_90,Калачинский,Омская область,adm_1939_96,Татарский,Новосибирская область,43.945,cross_parent,shared_boundary,False
1939,adm_1939_37,Калманский,Алтайский край,adm_1939_45,Барнаульский (рц в г. Барнауле),Алтайский край,103.261,same_parent,shared_boundary,False
1939,adm_1939_37,Калманский,Алтайский край,adm_1939_47,Павловский,Алтайский край,31.452,same_parent,shared_boundary,False
1939,adm_1939_37,Калманский,Алтайский край,adm_1939_38,Троицкий,Алтайский край,22.447,same_parent,shared_boundary,False
1939,adm_1939_61,Каменский,Алтайский край,adm_1939_66,Кочковский,Новосибирская область,61.52,cross_parent,shared_boundary,False
1939,adm_1939_61,Каменский,Алтайский край,adm_1939_67,Ордынский,Новосибирская область,93.231,cross_parent,shared_boundary,False
1939,adm_1939_60,Карасукский,Алтайский край,adm_1939_82,Здвинский,Новосибирская область,48.904,cross_parent,shared_boundary,False
1939,adm_1939_60,Карасукский,Алтайский край,adm_1939_76,Купинский,Новосибирская область,59.437,cross_parent,shared_boundary,False
1939,adm_1939_171,Каргасокский,Новосибирская область,adm_1939_185,Александровский,Новосибирская область,243.798,same_parent,shared_boundary,False
1939,adm_1939_171,Каргасокский,Новосибирская область,adm_1939_181,Сургутский,Омская область,198.499,cross_parent,shared_boundary,False
1939,adm_1939_171,Каргасокский,Новосибирская область,adm_1939_184,Тымский,Новосибирская область,139.238,same_parent,shared_boundary,False
1939,adm_1939_103,Каргатский,Новосибирская область,adm_1939_77,Доволенский,Новосибирская область,87.689,same_parent,shared_boundary,False
1939,adm_1939_103,Каргатский,Новосибирская область,adm_1939_66,Кочковский,Новосибирская область,31.474,same_parent,shared_boundary,False
1939,adm_1939_103,Каргатский,Новосибирская область,adm_1939_127,Убинский,Новосибирская область,168.593,same_parent,shared_boundary,False
1939,adm_1939_103,Каргатский,Новосибирская область,adm_1939_112,Чулымский,Новосибирская область,214.179,same_parent,shared_boundary,False
1939,adm_1939_57,Киселевский горсовет,Новосибирская область,adm_1939_68,Беловский,Новосибирская область,72.632,same_parent,shared_boundary,False
1939,adm_1939_57,Киселевский горсовет,Новосибирская область,adm_1939_58,Прокопьевский (рц в г. Прокопьевске),Новосибирская область,87.41,same_parent,shared_boundary,False
1939,adm_1939_26,Ключевский,Алтайский край,adm_1939_35,Благовещенский,Алтайский край,33.453,same_parent,shared_boundary,False
1939,adm_1939_26,Ключевский,Алтайский край,adm_1939_32,Кулундинский,Алтайский край,66.812,same_parent,shared_boundary,False
1939,adm_1939_26,Ключевский,Алтайский край,adm_1939_27,Родинский,Алтайский край,54.951,same_parent,shared_boundary,False
1939,adm_1939_125,Кожевниковский,Новосибирская область,adm_1939_128,Пихтовский,Новосибирская область,107.584,same_parent,shared_boundary,False
1939,adm_1939_125,Кожевниковский,Новосибирская область,adm_1939_200,Томский (рц в г. Томске),Новосибирская область,62.684,same_parent,shared_boundary,False
1939,adm_1939_125,Кожевниковский,Новосибирская область,adm_1939_143,Шегарский,Новосибирская область,59.49,same_parent,shared_boundary,False
1939,adm_1939_198,Колосковский,Омская область,adm_1939_199,Тарский (рц в г. Таре),Омская область,77.61,same_parent,shared_boundary,False
1939,adm_1939_170,Колпашевский (рц в г. Колпашево),Новосибирская область,adm_1939_184,Тымский,Новосибирская область,62.484,same_parent,shared_boundary,False
1939,adm_1939_107,Колыванский,Новосибирская область,adm_1939_125,Кожевниковский,Новосибирская область,49.838,same_parent,shared_boundary,False
1939,adm_1939_107,Колыванский,Новосибирская область,adm_1939_98,Коченевский,Новосибирская область,90.977,same_parent,shared_boundary,False
1939,adm_1939_107,Колыванский,Новосибирская область,adm_1939_97,Мошковский,Новосибирская область,66.268,same_parent,shared_boundary,False
1939,adm_1939_107,Колыванский,Новосибирская область,adm_1939_88,Новосибирский (рц в г. Новосибирске),Новосибирская область,14.278,same_parent,shared_boundary,False
1939,adm_1939_107,Колыванский,Новосибирская область,adm_1939_128,Пихтовский,Новосибирская область,94.355,same_parent,shared_boundary,False
1939,adm_1939_172,Кондинский,Омская область,adm_1939_176,Березовский,Омская область,228.161,same_parent,shared_boundary,False
1939,adm_1939_172,Кондинский,Омская область,adm_1939_175,Микояновский,Омская область,75.036,same_parent,shared_boundary,False
1939,adm_1939_172,Кондинский,Омская область,adm_1939_174,Самаровский,Омская область,353.538,same_parent,shared_boundary,False
1939,adm_1939_92,Кормиловский,Омская область,adm_1939_94,Кагановичский (рц в г. Омске),Омская область,122.509,same_parent,shared_boundary,False
1939,adm_1939_193,Косихинский,Алтайский край,adm_1939_45,Барнаульский (рц в г. Барнауле),Алтайский край,54.789,same_parent,shared_boundary,False
1939,adm_1939_193,Косихинский,Алтайский край,adm_1939_51,Краюшкинский,Алтайский край,28.799,same_parent,shared_boundary,False
1939,adm_1939_193,Косихинский,Алтайский край,adm_1939_48,Кытмановский,Алтайский край,42.558,same_parent,shared_boundary,False
1939,adm_1939_193,Косихинский,Алтайский край,adm_1939_195,Сорокинский,Алтайский край,22.54,same_parent,shared_boundary,False
1939,adm_1939_193,Косихинский,Алтайский край,adm_1939_38,Троицкий,Алтайский край,74.699,same_parent,shared_boundary,False
1939,adm_1939_66,Кочковский,Новосибирская область,adm_1939_77,Доволенский,Новосибирская область,65.694,same_parent,shared_boundary,False
1939,adm_1939_66,Кочковский,Новосибирская область,adm_1939_67,Ордынский,Новосибирская область,13.453,same_parent,shared_boundary,False
1939,adm_1939_1,Кош-Агачский,Алтайский край,adm_1939_5,Онгудайский,Алтайский край,49.782,same_parent,shared_boundary,False
1939,adm_1939_1,Кош-Агачский,Алтайский край,adm_1939_4,Улаганский,Алтайский край,188.553,same_parent,shared_boundary,False
1939,adm_1939_1,Кош-Агачский,Алтайский край,adm_1939_2,Усть-Коксинский,Алтайский край,70.172,same_parent,shared_boundary,False
1939,adm_1939_93,Крапивенский,Новосибирская область,adm_1939_99,Кемеровский (рц в г. Кемерово),Новосибирская область,61.303,same_parent,shared_boundary,False
1939,adm_1939_59,Красноозерский,Алтайский край,adm_1939_77,Доволенский,Новосибирская область,86.076,cross_parent,shared_boundary,False
1939,adm_1939_59,Красноозерский,Алтайский край,adm_1939_82,Здвинский,Новосибирская область,61.54,cross_parent,shared_boundary,False
1939,adm_1939_59,Красноозерский,Алтайский край,adm_1939_60,Карасукский,Алтайский край,69.508,same_parent,shared_boundary,False
1939,adm_1939_59,Красноозерский,Алтайский край,adm_1939_66,Кочковский,Новосибирская область,51.988,cross_parent,shared_boundary,False
1939,adm_1939_190,Краснощековский,Алтайский край,adm_1939_191,Змеиногорский,Алтайский край,67.029,same_parent,shared_boundary,False
1939,adm_1939_190,Краснощековский,Алтайский край,adm_1939_7,Курьинский,Алтайский край,44.067,same_parent,shared_boundary,False
1939,adm_1939_190,Краснощековский,Алтайский край,adm_1939_9,Чарышский,Алтайский край,117.651,same_parent,shared_boundary,False
1939,adm_1939_51,Краюшкинский,Алтайский край,adm_1939_65,Залесовский,Алтайский край,73.087,same_parent,shared_boundary,False
1939,adm_1939_51,Краюшкинский,Алтайский край,adm_1939_53,Тальменский,Алтайский край,85.759,same_parent,shared_boundary,False
1939,adm_1939_158,Кривошеинский,Новосибирская область,adm_1939_166,Асиновский,Новосибирская область,186.573,same_parent,shared_boundary,False
1939,adm_1939_158,Кривошеинский,Новосибирская область,adm_1939_170,Колпашевский (рц в г. Колпашево),Новосибирская область,189.83,same_parent,shared_boundary,False
1939,adm_1939_158,Кривошеинский,Новосибирская область,adm_1939_164,Чаинский,Новосибирская область,93.691,same_parent,shared_boundary,False
1939,adm_1939_134,Крутинский,Омская область,adm_1939_154,Большеуковский,Омская область,79.52,same_parent,shared_boundary,False
1939,adm_1939_134,Крутинский,Омская область,adm_1939_150,Викуловский,Омская область,32.763,same_parent,shared_boundary,False
1939,adm_1939_70,Кузнецкий (Сталинский) (рц в г. Сталинске),Новосибирская область,adm_1939_93,Крапивенский,Новосибирская область,78.687,same_parent,shared_boundary,False
1939,adm_1939_120,Куйбышевский,Новосибирская область,adm_1939_91,Барабинский,Новосибирская область,89.046,same_parent,shared_boundary,False
1939,adm_1939_120,Куйбышевский,Новосибирская область,adm_1939_124,Венгеровский,Новосибирская область,74.516,same_parent,shared_boundary,False
1939,adm_1939_120,Куйбышевский,Новосибирская область,adm_1939_142,Северный,Новосибирская область,249.301,same_parent,shared_boundary,False
1939,adm_1939_120,Куйбышевский,Новосибирская область,adm_1939_127,Убинский,Новосибирская область,53.165,same_parent,shared_boundary,False
1939,adm_1939_32,Кулундинский,Алтайский край,adm_1939_35,Благовещенский,Алтайский край,37.296,same_parent,shared_boundary,False
1939,adm_1939_32,Кулундинский,Алтайский край,adm_1939_40,Знаменский,Алтайский край,34.324,same_parent,shared_boundary,False
1939,adm_1939_32,Кулундинский,Алтайский край,adm_1939_44,Славгородский,Алтайский край,91.995,same_parent,shared_boundary,False
1939,adm_1939_76,Купинский,Новосибирская область,adm_1939_91,Барабинский,Новосибирская область,36.511,same_parent,shared_boundary,False
1939,adm_1939_76,Купинский,Новосибирская область,adm_1939_82,Здвинский,Новосибирская область,61.484,same_parent,shared_boundary,False
1939,adm_1939_76,Купинский,Новосибирская область,adm_1939_81,Чистоозерный,Новосибирская область,46.729,same_parent,shared_boundary,False
1939,adm_1939_7,Курьинский,Алтайский край,adm_1939_8,Рубцовский,Алтайский край,9.834,same_parent,shared_boundary,False
1939,adm_1939_48,Кытмановский,Алтайский край,adm_1939_56,Тогульский,Алтайский край,89.761,same_parent,shared_boundary,False
1939,adm_1939_147,Кыштовский,Новосибирская область,adm_1939_171,Каргасокский,Новосибирская область,60.213,same_parent,shared_boundary,False
1939,adm_1939_147,Кыштовский,Новосибирская область,adm_1939_168,Парабельский,Новосибирская область,72.03,same_parent,shared_boundary,False
1939,adm_1939_147,Кыштовский,Новосибирская область,adm_1939_152,Седельниковский,Омская область,45.11,cross_parent,shared_boundary,False
1939,adm_1939_173,Ларьякский,Омская область,adm_1939_185,Александровский,Новосибирская область,338.24,cross_parent,shared_boundary,False
1939,adm_1939_173,Ларьякский,Омская область,adm_1939_183,Пуровский,Омская область,87.177,same_parent,shared_boundary,False
1939,adm_1939_173,Ларьякский,Омская область,adm_1939_181,Сургутский,Омская область,333.358,same_parent,shared_boundary,False
1939,adm_1939_173,Ларьякский,Омская область,adm_1939_184,Тымский,Новосибирская область,161.857,cross_parent,shared_boundary,False
1939,adm_1939_84,Легостаевский,Новосибирская область,adm_1939_97,Мошковский,Новосибирская область,29.578,same_parent,shared_boundary,False
1939,adm_1939_84,Легостаевский,Новосибирская область,adm_1939_95,Тогучинский,Новосибирская область,104.727,same_parent,shared_boundary,False
1939,adm_1939_79,Ленинск-Кузнецкий (рц в г. Ленинске-Кузнецком),Новосибирская область,adm_1939_93,Крапивенский,Новосибирская область,60.345,same_parent,shared_boundary,False
1939,adm_1939_79,Ленинск-Кузнецкий (рц в г. Ленинске-Кузнецком),Новосибирская область,adm_1939_86,Титовский,Новосибирская область,95.105,same_parent,shared_boundary,False
1939,adm_1939_3,Локтевский,Алтайский край,adm_1939_8,Рубцовский,Алтайский край,69.51,same_parent,shared_boundary,False
1939,adm_1939_101,Любинский,Омская область,adm_1939_94,Кагановичский (рц в г. Омске),Омская область,71.146,same_parent,shared_boundary,False
1939,adm_1939_101,Любинский,Омская область,adm_1939_85,Марьяновский,Омская область,55.072,same_parent,shared_boundary,False
1939,adm_1939_101,Любинский,Омская область,adm_1939_87,Москаленский,Омская область,47.405,same_parent,shared_boundary,False
1939,adm_1939_101,Любинский,Омская область,adm_1939_109,Называевский,Омская область,28.677,same_parent,shared_boundary,False
1939,adm_1939_101,Любинский,Омская область,adm_1939_117,Саргатский,Омская область,46.47,same_parent,shared_boundary,False
1939,adm_1939_101,Любинский,Омская область,adm_1939_114,Тюкалинский,Омская область,60.639,same_parent,shared_boundary,False
1939,adm_1939_29,Мамонтовский,Алтайский край,adm_1939_34,Завьяловский,Алтайский край,66.382,same_parent,shared_boundary,False
1939,adm_1939_29,Мамонтовский,Алтайский край,adm_1939_36,Парфеновский,Алтайский край,12.145,same_parent,shared_boundary,False
1939,adm_1939_29,Мамонтовский,Алтайский край,adm_1939_39,Ребрихинский,Алтайский край,76.598,same_parent,shared_boundary,False
1939,adm_1939_132,Мариинский,Новосибирская область,adm_1939_144,Зырянский,Новосибирская область,73.873,same_parent,shared_boundary,False
1939,adm_1939_132,Мариинский,Новосибирская область,adm_1939_137,Тяжинский,Новосибирская область,130.254,same_parent,shared_boundary,False
1939,adm_1939_30,Марушинский,Алтайский край,adm_1939_41,Ельцовский,Алтайский край,34.303,same_parent,shared_boundary,False
1939,adm_1939_30,Марушинский,Алтайский край,adm_1939_33,Солтонский,Алтайский край,36.318,same_parent,shared_boundary,False
1939,adm_1939_30,Марушинский,Алтайский край,adm_1939_56,Тогульский,Алтайский край,22.181,same_parent,shared_boundary,False
1939,adm_1939_30,Марушинский,Алтайский край,adm_1939_38,Троицкий,Алтайский край,20.469,same_parent,shared_boundary,False
1939,adm_1939_85,Марьяновский,Омская область,adm_1939_94,Кагановичский (рц в г. Омске),Омская область,25.527,same_parent,shared_boundary,False
1939,adm_1939_85,Марьяновский,Омская область,adm_1939_87,Москаленский,Омская область,60.308,same_parent,shared_boundary,False
1939,adm_1939_71,Маслянинский,Новосибирская область,adm_1939_84,Легостаевский,Новосибирская область,85.426,same_parent,shared_boundary,False
1939,adm_1939_71,Маслянинский,Новосибирская область,adm_1939_95,Тогучинский,Новосибирская область,10.615,same_parent,shared_boundary,False
1939,adm_1939_110,Маслянский,Омская область,adm_1939_131,Абатский,Омская область,46.804,same_parent,shared_boundary,False
1939,adm_1939_110,Маслянский,Омская область,adm_1939_133,Ишимский,Омская область,27.395,same_parent,shared_boundary,False
1939,adm_1939_110,Маслянский,Омская область,adm_1939_134,Крутинский,Омская область,19.919,same_parent,shared_boundary,False
1939,adm_1939_175,Микояновский,Омская область,adm_1939_176,Березовский,Омская область,348.882,same_parent,shared_boundary,False
1939,adm_1939_175,Микояновский,Омская область,adm_1939_178,Надымский,Омская область,163.576,same_parent,shared_boundary,False
1939,adm_1939_175,Микояновский,Омская область,adm_1939_diss_3476162,Приуральский,Омская область,50.519,same_parent,shared_boundary,False
1939,adm_1939_175,Микояновский,Омская область,adm_1939_181,Сургутский,Омская область,172.329,same_parent,shared_boundary,False
1939,adm_1939_175,Микояновский,Омская область,adm_1939_177,Шурышкарский,Омская область,215.699,same_parent,shared_boundary,False
1939,adm_1939_105,Молотовский,Омская область,adm_1939_123,Большереченский,Омская область,50.334,same_parent,shared_boundary,False
1939,adm_1939_105,Молотовский,Омская область,adm_1939_90,Калачинский,Омская область,63.213,same_parent,shared_boundary,False
1939,adm_1939_105,Молотовский,Омская область,adm_1939_96,Татарский,Новосибирская область,52.206,cross_parent,shared_boundary,False
1939,adm_1939_105,Молотовский,Омская область,adm_1939_119,Усть-Тарский,Новосибирская область,38.787,cross_parent,shared_boundary,False
1939,adm_1939_87,Москаленский,Омская область,adm_1939_89,Исиль-Кульский,Омская область,77.678,same_parent,shared_boundary,False
1939,adm_1939_140,Муромцевский,Омская область,adm_1939_147,Кыштовский,Новосибирская область,84.756,cross_parent,shared_boundary,False
1939,adm_1939_140,Муромцевский,Омская область,adm_1939_152,Седельниковский,Омская область,119.41,same_parent,shared_boundary,False
1939,adm_1939_178,Надымский,Омская область,adm_1939_diss_3476162,Приуральский,Омская область,264.8,same_parent,shared_boundary,False
1939,adm_1939_178,Надымский,Омская область,adm_1939_183,Пуровский,Омская область,509.805,same_parent,shared_boundary,False
1939,adm_1939_178,Надымский,Омская область,adm_1939_181,Сургутский,Омская область,130.272,same_parent,shared_boundary,False
1939,adm_1939_178,Надымский,Омская область,adm_1939_diss_4611569,Тазовский,Омская область,121.777,same_parent,shared_boundary,False
1939,adm_1939_109,Называевский,Омская область,adm_1939_89,Исиль-Кульский,Омская область,70.647,same_parent,shared_boundary,False
1939,adm_1939_109,Называевский,Омская область,adm_1939_134,Крутинский,Омская область,109.937,same_parent,shared_boundary,False
1939,adm_1939_109,Называевский,Омская область,adm_1939_110,Маслянский,Омская область,87.659,same_parent,shared_boundary,False
1939,adm_1939_109,Называевский,Омская область,adm_1939_87,Москаленский,Омская область,22.718,same_parent,shared_boundary,False
1939,adm_1939_109,Называевский,Омская область,adm_1939_114,Тюкалинский,Омская область,46.711,same_parent,shared_boundary,False
1939,adm_1939_159,Нижне-Тавдинский,Омская область,adm_1939_160,Байкаловский,Омская область,114.109,same_parent,shared_boundary,False
1939,adm_1939_159,Нижне-Тавдинский,Омская область,adm_1939_167,Тобольский (рц в г. Тобольске),Омская область,16.983,same_parent,shared_boundary,False
1939,adm_1939_159,Нижне-Тавдинский,Омская область,adm_1939_201,Ярковский,Омская область,75.447,same_parent,shared_boundary,False
1939,adm_1939_136,Ново-Заимский,Омская область,adm_1939_139,Омутинский,Омская область,62.812,same_parent,shared_boundary,False
1939,adm_1939_136,Ново-Заимский,Омская область,adm_1939_146,Юргинский,Омская область,56.334,same_parent,shared_boundary,False
1939,adm_1939_136,Ново-Заимский,Омская область,adm_1939_145,Ялуторовский,Омская область,42.934,same_parent,shared_boundary,False
1939,adm_1939_88,Новосибирский (рц в г. Новосибирске),Новосибирская область,adm_1939_98,Коченевский,Новосибирская область,37.541,same_parent,shared_boundary,False
1939,adm_1939_88,Новосибирский (рц в г. Новосибирске),Новосибирская область,adm_1939_97,Мошковский,Новосибирская область,88.708,same_parent,shared_boundary,False
1939,adm_1939_18,Новочихинский,Алтайский край,adm_1939_29,Мамонтовский,Алтайский край,49.619,same_parent,shared_boundary,False
1939,adm_1939_18,Новочихинский,Алтайский край,adm_1939_8,Рубцовский,Алтайский край,4.287,same_parent,shared_boundary,False
1939,adm_1939_18,Новочихинский,Алтайский край,adm_1939_21,Шипуновский,Алтайский край,32.91,same_parent,shared_boundary,False
1939,adm_1939_63,Одесский,Омская область,adm_1939_75,Азовский,Омская область,36.551,same_parent,shared_boundary,False
1939,adm_1939_63,Одесский,Омская область,adm_1939_72,Павлоградский,Омская область,61.547,same_parent,shared_boundary,False
1939,adm_1939_63,Одесский,Омская область,adm_1939_74,Таврический,Омская область,14.64,same_parent,shared_boundary,False
1939,adm_1939_63,Одесский,Омская область,adm_1939_73,Шарбак-Кульский,Омская область,52.927,same_parent,shared_boundary,False
1939,adm_1939_10,Ойрот-Турский (рц в г. Ойрот-Туре),Алтайский край,adm_1939_194,Алтайский,Алтайский край,54.031,same_parent,shared_boundary,False
1939,adm_1939_10,Ойрот-Турский (рц в г. Ойрот-Туре),Алтайский край,adm_1939_17,Грязнюхинский,Алтайский край,5.832,same_parent,shared_boundary,False
1939,adm_1939_10,Ойрот-Турский (рц в г. Ойрот-Туре),Алтайский край,adm_1939_192,Старо-Бардинский,Алтайский край,31.822,same_parent,shared_boundary,False
1939,adm_1939_10,Ойрот-Турский (рц в г. Ойрот-Туре),Алтайский край,adm_1939_22,Чойский,Алтайский край,50.681,same_parent,shared_boundary,False
1939,adm_1939_10,Ойрот-Турский (рц в г. Ойрот-Туре),Алтайский край,adm_1939_6,Шебалинский,Алтайский край,9.439,same_parent,shared_boundary,False
1939,adm_1939_10,Ойрот-Турский (рц в г. Ойрот-Туре),Алтайский край,adm_1939_187,Элекмонарский,Алтайский край,58.043,same_parent,shared_boundary,False
1939,adm_1939_83,Оконешниковский,Омская область,adm_1939_90,Калачинский,Омская область,81.69,same_parent,shared_boundary,False
1939,adm_1939_83,Оконешниковский,Омская область,adm_1939_92,Кормиловский,Омская область,14.625,same_parent,shared_boundary,False
1939,adm_1939_83,Оконешниковский,Омская область,adm_1939_96,Татарский,Новосибирская область,59.449,cross_parent,shared_boundary,False
1939,adm_1939_139,Омутинский,Омская область,adm_1939_141,Голышмановский,Омская область,85.577,same_parent,shared_boundary,False
1939,adm_1939_139,Омутинский,Омская область,adm_1939_146,Юргинский,Омская область,72.794,same_parent,shared_boundary,False
1939,adm_1939_5,Онгудайский,Алтайский край,adm_1939_6,Шебалинский,Алтайский край,91.526,same_parent,shared_boundary,False
1939,adm_1939_67,Ордынский,Новосибирская область,adm_1939_78,Ирменский,Новосибирская область,65.382,same_parent,shared_boundary,False
1939,adm_1939_67,Ордынский,Новосибирская область,adm_1939_80,Искитимский,Новосибирская область,15.799,same_parent,shared_boundary,False
1939,adm_1939_67,Ордынский,Новосибирская область,adm_1939_98,Коченевский,Новосибирская область,4.41,same_parent,shared_boundary,False
1939,adm_1939_106,Ояшинский,Новосибирская область,adm_1939_115,Болотинский,Новосибирская область,89.87,same_parent,shared_boundary,False
1939,adm_1939_106,Ояшинский,Новосибирская область,adm_1939_125,Кожевниковский,Новосибирская область,25.198,same_parent,shared_boundary,False
1939,adm_1939_106,Ояшинский,Новосибирская область,adm_1939_107,Колыванский,Новосибирская область,27.93,same_parent,shared_boundary,False
1939,adm_1939_106,Ояшинский,Новосибирская область,adm_1939_97,Мошковский,Новосибирская область,71.987,same_parent,shared_boundary,False
1939,adm_1939_106,Ояшинский,Новосибирская область,adm_1939_95,Тогучинский,Новосибирская область,55.323,same_parent,shared_boundary,False
1939,adm_1939_47,Павловский,Алтайский край,adm_1939_50,Сузунский,Новосибирская область,55.571,cross_parent,shared_boundary,False
1939,adm_1939_47,Павловский,Алтайский край,adm_1939_53,Тальменский,Алтайский край,72.647,same_parent,shared_boundary,False
1939,adm_1939_72,Павлоградский,Омская область,adm_1939_94,Кагановичский (рц в г. Омске),Омская область,9.734,same_parent,shared_boundary,False
1939,adm_1939_72,Павлоградский,Омская область,adm_1939_92,Кормиловский,Омская область,46.658,same_parent,shared_boundary,False
1939,adm_1939_72,Павлоградский,Омская область,adm_1939_83,Оконешниковский,Омская область,52.225,same_parent,shared_boundary,False
1939,adm_1939_72,Павлоградский,Омская область,adm_1939_74,Таврический,Омская область,85.534,same_parent,shared_boundary,False
1939,adm_1939_52,Панкрушихинский,Алтайский край,adm_1939_61,Каменский,Алтайский край,80.53,same_parent,shared_boundary,False
1939,adm_1939_52,Панкрушихинский,Алтайский край,adm_1939_66,Кочковский,Новосибирская область,61.561,cross_parent,shared_boundary,False
1939,adm_1939_52,Панкрушихинский,Алтайский край,adm_1939_59,Красноозерский,Алтайский край,11.774,same_parent,shared_boundary,False
1939,adm_1939_168,Парабельский,Новосибирская область,adm_1939_171,Каргасокский,Новосибирская область,487.206,same_parent,shared_boundary,False
1939,adm_1939_168,Парабельский,Новосибирская область,adm_1939_170,Колпашевский (рц в г. Колпашево),Новосибирская область,325.599,same_parent,shared_boundary,False
1939,adm_1939_168,Парабельский,Новосибирская область,adm_1939_184,Тымский,Новосибирская область,81.699,same_parent,shared_boundary,False
1939,adm_1939_36,Парфеновский,Алтайский край,adm_1939_47,Павловский,Алтайский край,52.799,same_parent,shared_boundary,False
1939,adm_1939_36,Парфеновский,Алтайский край,adm_1939_39,Ребрихинский,Алтайский край,75.981,same_parent,shared_boundary,False
1939,adm_1939_128,Пихтовский,Новосибирская область,adm_1939_153,Бакчарский,Новосибирская область,101.372,same_parent,shared_boundary,False
1939,adm_1939_128,Пихтовский,Новосибирская область,adm_1939_98,Коченевский,Новосибирская область,2.127,same_parent,shared_boundary,False
1939,adm_1939_128,Пихтовский,Новосибирская область,adm_1939_143,Шегарский,Новосибирская область,21.82,same_parent,shared_boundary,False
1939,adm_1939_69,Полтавский,Омская область,adm_1939_89,Исиль-Кульский,Омская область,56.892,same_parent,shared_boundary,False
1939,adm_1939_69,Полтавский,Омская область,adm_1939_87,Москаленский,Омская область,41.268,same_parent,shared_boundary,False
1939,adm_1939_69,Полтавский,Омская область,adm_1939_73,Шарбак-Кульский,Омская область,26.895,same_parent,shared_boundary,False
1939,adm_1939_14,Поспелихинский,Алтайский край,adm_1939_7,Курьинский,Алтайский край,55.293,same_parent,shared_boundary,False
1939,adm_1939_14,Поспелихинский,Алтайский край,adm_1939_18,Новочихинский,Алтайский край,67.479,same_parent,shared_boundary,False
1939,adm_1939_14,Поспелихинский,Алтайский край,adm_1939_8,Рубцовский,Алтайский край,71.446,same_parent,shared_boundary,False
1939,adm_1939_14,Поспелихинский,Алтайский край,adm_1939_21,Шипуновский,Алтайский край,68.698,same_parent,shared_boundary,False
1939,adm_1939_diss_3476162,Приуральский,Омская область,adm_1939_diss_4664637,Ямальский,Омская область,180.543,same_parent,shared_boundary,True
1939,adm_1939_58,Прокопьевский (рц в г. Прокопьевске),Новосибирская область,adm_1939_68,Беловский,Новосибирская область,21.766,same_parent,shared_boundary,False
1939,adm_1939_58,Прокопьевский (рц в г. Прокопьевске),Новосибирская область,adm_1939_70,Кузнецкий (Сталинский) (рц в г. Сталинске),Новосибирская область,127.714,same_parent,shared_boundary,False
1939,adm_1939_183,Пуровский,Омская область,adm_1939_diss_4611569,Тазовский,Омская область,160.321,same_parent,shared_boundary,False
1939,adm_1939_39,Ребрихинский,Алтайский край,adm_1939_47,Павловский,Алтайский край,66.766,same_parent,shared_boundary,False
1939,adm_1939_39,Ребрихинский,Алтайский край,adm_1939_46,Тюменцевский,Алтайский край,67.695,same_parent,shared_boundary,False
1939,adm_1939_27,Родинский,Алтайский край,adm_1939_35,Благовещенский,Алтайский край,101.594,same_parent,shared_boundary,False
1939,adm_1939_27,Родинский,Алтайский край,adm_1939_34,Завьяловский,Алтайский край,83.379,same_parent,shared_boundary,False
1939,adm_1939_27,Родинский,Алтайский край,adm_1939_29,Мамонтовский,Алтайский край,3.648,same_parent,shared_boundary,False
1939,adm_1939_55,Русско-Полянский,Омская область,adm_1939_72,Павлоградский,Омская область,36.601,same_parent,shared_boundary,False
1939,adm_1939_55,Русско-Полянский,Омская область,adm_1939_62,Черлакский,Омская область,87.266,same_parent,shared_boundary,False
1939,adm_1939_174,Самаровский,Омская область,adm_1939_175,Микояновский,Омская область,315.687,same_parent,shared_boundary,False
1939,adm_1939_174,Самаровский,Омская область,adm_1939_181,Сургутский,Омская область,694.509,same_parent,shared_boundary,False
1939,adm_1939_117,Саргатский,Омская область,adm_1939_123,Большереченский,Омская область,63.639,same_parent,shared_boundary,False
1939,adm_1939_117,Саргатский,Омская область,adm_1939_94,Кагановичский (рц в г. Омске),Омская область,37.513,same_parent,shared_boundary,False
1939,adm_1939_117,Саргатский,Омская область,adm_1939_198,Колосковский,Омская область,16.007,same_parent,shared_boundary,False
1939,adm_1939_142,Северный,Новосибирская область,adm_1939_153,Бакчарский,Новосибирская область,48.292,same_parent,shared_boundary,False
1939,adm_1939_142,Северный,Новосибирская область,adm_1939_147,Кыштовский,Новосибирская область,145.956,same_parent,shared_boundary,False
1939,adm_1939_142,Северный,Новосибирская область,adm_1939_168,Парабельский,Новосибирская область,116.581,same_parent,shared_boundary,False
1939,adm_1939_152,Седельниковский,Омская область,adm_1939_155,Знаменский,Омская область,111.32,same_parent,shared_boundary,False
1939,adm_1939_152,Седельниковский,Омская область,adm_1939_171,Каргасокский,Новосибирская область,32.86,cross_parent,shared_boundary,False
1939,adm_1939_152,Седельниковский,Омская область,adm_1939_199,Тарский (рц в г. Таре),Омская область,56.808,same_parent,shared_boundary,False
1939,adm_1939_44,Славгородский,Алтайский край,adm_1939_60,Карасукский,Алтайский край,74.091,same_parent,shared_boundary,False
1939,adm_1939_44,Славгородский,Алтайский край,adm_1939_49,Хабаровский,Алтайский край,50.615,same_parent,shared_boundary,False
1939,adm_1939_189,Смоленский,Алтайский край,adm_1939_194,Алтайский,Алтайский край,51.106,same_parent,shared_boundary,False
1939,adm_1939_189,Смоленский,Алтайский край,adm_1939_25,Бийский,Алтайский край,41.772,same_parent,shared_boundary,False
1939,adm_1939_189,Смоленский,Алтайский край,adm_1939_19,Быстро-Истокский,Алтайский край,95.494,same_parent,shared_boundary,False
1939,adm_1939_189,Смоленский,Алтайский край,adm_1939_28,Зональный (рц в г. Бийске),Алтайский край,8.123,same_parent,shared_boundary,False
1939,adm_1939_11,Солонешенский,Алтайский край,adm_1939_194,Алтайский,Алтайский край,73.002,same_parent,shared_boundary,False
1939,adm_1939_11,Солонешенский,Алтайский край,adm_1939_19,Быстро-Истокский,Алтайский край,44.614,same_parent,shared_boundary,False
1939,adm_1939_11,Солонешенский,Алтайский край,adm_1939_189,Смоленский,Алтайский край,35.922,same_parent,shared_boundary,False
1939,adm_1939_11,Солонешенский,Алтайский край,adm_1939_15,Усть-Калманский,Алтайский край,28.157,same_parent,shared_boundary,False
1939,adm_1939_11,Солонешенский,Алтайский край,adm_1939_188,Усть-Канский,Алтайский край,53.134,same_parent,shared_boundary,False
1939,adm_1939_11,Солонешенский,Алтайский край,adm_1939_9,Чарышский,Алтайский край,73.465,same_parent,shared_boundary,False
1939,adm_1939_33,Солтонский,Алтайский край,adm_1939_64,Горно-Шорский,Новосибирская область,82.405,cross_parent,shared_boundary,False
1939,adm_1939_33,Солтонский,Алтайский край,adm_1939_41,Ельцовский,Алтайский край,76.263,same_parent,shared_boundary,False
1939,adm_1939_195,Сорокинский,Алтайский край,adm_1939_196,Гурьевский,Новосибирская область,54.429,cross_parent,shared_boundary,False
1939,adm_1939_195,Сорокинский,Алтайский край,adm_1939_65,Залесовский,Алтайский край,131.706,same_parent,shared_boundary,False
1939,adm_1939_195,Сорокинский,Алтайский край,adm_1939_51,Краюшкинский,Алтайский край,35.917,same_parent,shared_boundary,False
1939,adm_1939_195,Сорокинский,Алтайский край,adm_1939_48,Кытмановский,Алтайский край,62.264,same_parent,shared_boundary,False
1939,adm_1939_195,Сорокинский,Алтайский край,adm_1939_56,Тогульский,Алтайский край,35.34,same_parent,shared_boundary,False
1939,adm_1939_192,Старо-Бардинский,Алтайский край,adm_1939_25,Бийский,Алтайский край,36.732,same_parent,shared_boundary,False
1939,adm_1939_192,Старо-Бардинский,Алтайский край,adm_1939_30,Марушинский,Алтайский край,35.887,same_parent,shared_boundary,False
1939,adm_1939_192,Старо-Бардинский,Алтайский край,adm_1939_33,Солтонский,Алтайский край,59.674,same_parent,shared_boundary,False
1939,adm_1939_192,Старо-Бардинский,Алтайский край,adm_1939_23,Турочакский,Алтайский край,66.738,same_parent,shared_boundary,False
1939,adm_1939_192,Старо-Бардинский,Алтайский край,adm_1939_22,Чойский,Алтайский край,68.647,same_parent,shared_boundary,False
1939,adm_1939_50,Сузунский,Новосибирская область,adm_1939_80,Искитимский,Новосибирская область,26.883,same_parent,shared_boundary,False
1939,adm_1939_50,Сузунский,Новосибирская область,adm_1939_61,Каменский,Алтайский край,70.58,cross_parent,shared_boundary,False
1939,adm_1939_50,Сузунский,Новосибирская область,adm_1939_67,Ордынский,Новосибирская область,79.986,same_parent,shared_boundary,False
1939,adm_1939_50,Сузунский,Новосибирская область,adm_1939_53,Тальменский,Алтайский край,30.733,cross_parent,shared_boundary,False
1939,adm_1939_50,Сузунский,Новосибирская область,adm_1939_54,Черепановский,Новосибирская область,64.064,same_parent,shared_boundary,False
1939,adm_1939_181,Сургутский,Омская область,adm_1939_185,Александровский,Новосибирская область,13.442,cross_parent,shared_boundary,False
1939,adm_1939_181,Сургутский,Омская область,adm_1939_183,Пуровский,Омская область,341.347,same_parent,shared_boundary,False
1939,adm_1939_74,Таврический,Омская область,adm_1939_75,Азовский,Омская область,116.925,same_parent,shared_boundary,False
1939,adm_1939_74,Таврический,Омская область,adm_1939_94,Кагановичский (рц в г. Омске),Омская область,57.844,same_parent,shared_boundary,False
1939,adm_1939_121,Тайгинский,Новосибирская область,adm_1939_129,Анжеро-Судженский (рц в г. Анжеро-Судженске),Новосибирская область,58.025,same_parent,shared_boundary,False
1939,adm_1939_121,Тайгинский,Новосибирская область,adm_1939_200,Томский (рц в г. Томске),Новосибирская область,57.547,same_parent,shared_boundary,False
1939,adm_1939_121,Тайгинский,Новосибирская область,adm_1939_197,Юргинский,Новосибирская область,90.099,same_parent,shared_boundary,False
1939,adm_1939_53,Тальменский,Алтайский край,adm_1939_65,Залесовский,Алтайский край,27.24,same_parent,shared_boundary,False
1939,adm_1939_53,Тальменский,Алтайский край,adm_1939_71,Маслянинский,Новосибирская область,1.9,cross_parent,shared_boundary,False
1939,adm_1939_53,Тальменский,Алтайский край,adm_1939_54,Черепановский,Новосибирская область,111.217,cross_parent,shared_boundary,False
1939,adm_1939_162,Тевризский,Омская область,adm_1939_174,Самаровский,Омская область,51.207,same_parent,shared_boundary,False
1939,adm_1939_162,Тевризский,Омская область,adm_1939_181,Сургутский,Омская область,95.489,same_parent,shared_boundary,False
1939,adm_1939_162,Тевризский,Омская область,adm_1939_169,Уватский,Омская область,28.014,same_parent,shared_boundary,False
1939,adm_1939_163,Тегульдетский,Новосибирская область,adm_1939_166,Асиновский,Новосибирская область,146.938,same_parent,shared_boundary,False
1939,adm_1939_163,Тегульдетский,Новосибирская область,adm_1939_170,Колпашевский (рц в г. Колпашево),Новосибирская область,17.377,same_parent,shared_boundary,False
1939,adm_1939_111,Тисульский,Новосибирская область,adm_1939_93,Крапивенский,Новосибирская область,168.299,same_parent,shared_boundary,False
1939,adm_1939_111,Тисульский,Новосибирская область,adm_1939_70,Кузнецкий (Сталинский) (рц в г. Сталинске),Новосибирская область,32.124,same_parent,shared_boundary,False
1939,adm_1939_111,Тисульский,Новосибирская область,adm_1939_137,Тяжинский,Новосибирская область,80.731,same_parent,shared_boundary,False
1939,adm_1939_111,Тисульский,Новосибирская область,adm_1939_118,Чебулинский,Новосибирская область,188.082,same_parent,shared_boundary,False
1939,adm_1939_86,Титовский,Новосибирская область,adm_1939_93,Крапивенский,Новосибирская область,21.411,same_parent,shared_boundary,False
1939,adm_1939_86,Титовский,Новосибирская область,adm_1939_95,Тогучинский,Новосибирская область,58.097,same_parent,shared_boundary,False
1939,adm_1939_167,Тобольский (рц в г. Тобольске),Омская область,adm_1939_172,Кондинский,Омская область,141.04,same_parent,shared_boundary,False
1939,adm_1939_167,Тобольский (рц в г. Тобольске),Омская область,adm_1939_169,Уватский,Омская область,168.951,same_parent,shared_boundary,False
1939,adm_1939_56,Тогульский,Алтайский край,adm_1939_68,Беловский,Новосибирская область,6.108,cross_parent,shared_boundary,False
1939,adm_1939_56,Тогульский,Алтайский край,adm_1939_64,Горно-Шорский,Новосибирская область,17.918,cross_parent,shared_boundary,False
1939,adm_1939_56,Тогульский,Алтайский край,adm_1939_57,Киселевский горсовет,Новосибирская область,27.453,cross_parent,shared_boundary,False
1939,adm_1939_56,Тогульский,Алтайский край,adm_1939_70,Кузнецкий (Сталинский) (рц в г. Сталинске),Новосибирская область,25.641,cross_parent,shared_boundary,False
1939,adm_1939_56,Тогульский,Алтайский край,adm_1939_58,Прокопьевский (рц в г. Прокопьевске),Новосибирская область,50.209,cross_parent,shared_boundary,False
1939,adm_1939_95,Тогучинский,Новосибирская область,adm_1939_97,Мошковский,Новосибирская область,15.166,same_parent,shared_boundary,False
1939,adm_1939_102,Топкинский,Новосибирская область,adm_1939_113,Барзасский,Новосибирская область,7.627,same_parent,shared_boundary,False
1939,adm_1939_102,Топкинский,Новосибирская область,adm_1939_99,Кемеровский (рц в г. Кемерово),Новосибирская область,75.908,same_parent,shared_boundary,False
1939,adm_1939_102,Топкинский,Новосибирская область,adm_1939_93,Крапивенский,Новосибирская область,4.126,same_parent,shared_boundary,False
1939,adm_1939_102,Топкинский,Новосибирская область,adm_1939_121,Тайгинский,Новосибирская область,32.558,same_parent,shared_boundary,False
1939,adm_1939_102,Топкинский,Новосибирская область,adm_1939_86,Титовский,Новосибирская область,91.191,same_parent,shared_boundary,False
1939,adm_1939_102,Топкинский,Новосибирская область,adm_1939_95,Тогучинский,Новосибирская область,31.095,same_parent,shared_boundary,False
1939,adm_1939_102,Топкинский,Новосибирская область,adm_1939_197,Юргинский,Новосибирская область,50.64,same_parent,shared_boundary,False
1939,adm_1939_31,Топчихинский,Алтайский край,adm_1939_37,Калманский,Алтайский край,121.388,same_parent,shared_boundary,False
1939,adm_1939_31,Топчихинский,Алтайский край,adm_1939_47,Павловский,Алтайский край,6.668,same_parent,shared_boundary,False
1939,adm_1939_31,Топчихинский,Алтайский край,adm_1939_36,Парфеновский,Алтайский край,60.922,same_parent,shared_boundary,False
1939,adm_1939_31,Топчихинский,Алтайский край,adm_1939_38,Троицкий,Алтайский край,36.029,same_parent,shared_boundary,False
1939,adm_1939_38,Троицкий,Алтайский край,adm_1939_45,Барнаульский (рц в г. Барнауле),Алтайский край,20.677,same_parent,shared_boundary,False
1939,adm_1939_38,Троицкий,Алтайский край,adm_1939_48,Кытмановский,Алтайский край,43.404,same_parent,shared_boundary,False
1939,adm_1939_38,Троицкий,Алтайский край,adm_1939_56,Тогульский,Алтайский край,28.804,same_parent,shared_boundary,False
1939,adm_1939_149,Туганский,Новосибирская область,adm_1939_166,Асиновский,Новосибирская область,109.472,same_parent,shared_boundary,False
1939,adm_1939_149,Туганский,Новосибирская область,adm_1939_158,Кривошеинский,Новосибирская область,42.455,same_parent,shared_boundary,False
1939,adm_1939_149,Туганский,Новосибирская область,adm_1939_200,Томский (рц в г. Томске),Новосибирская область,115.02,same_parent,shared_boundary,False
1939,adm_1939_23,Турочакский,Алтайский край,adm_1939_64,Горно-Шорский,Новосибирская область,162.642,cross_parent,shared_boundary,False
1939,adm_1939_23,Турочакский,Алтайский край,adm_1939_33,Солтонский,Алтайский край,48.869,same_parent,shared_boundary,False
1939,adm_1939_23,Турочакский,Алтайский край,adm_1939_4,Улаганский,Алтайский край,88.131,same_parent,shared_boundary,False
1939,adm_1939_184,Тымский,Новосибирская область,adm_1939_185,Александровский,Новосибирская область,146.729,same_parent,shared_boundary,False
1939,adm_1939_114,Тюкалинский,Омская область,adm_1939_154,Большеуковский,Омская область,39.982,same_parent,shared_boundary,False
1939,adm_1939_114,Тюкалинский,Омская область,adm_1939_198,Колосковский,Омская область,76.189,same_parent,shared_boundary,False
1939,adm_1939_114,Тюкалинский,Омская область,adm_1939_134,Крутинский,Омская область,143.049,same_parent,shared_boundary,False
1939,adm_1939_114,Тюкалинский,Омская область,adm_1939_117,Саргатский,Омская область,119.395,same_parent,shared_boundary,False
1939,adm_1939_151,Тюменский (рц в г. Тюмени),Омская область,adm_1939_156,Велижанский,Омская область,121.176,same_parent,shared_boundary,False
1939,adm_1939_151,Тюменский (рц в г. Тюмени),Омская область,adm_1939_159,Нижне-Тавдинский,Омская область,14.743,same_parent,shared_boundary,False
1939,adm_1939_151,Тюменский (рц в г. Тюмени),Омская область,adm_1939_201,Ярковский,Омская область,14.017,same_parent,shared_boundary,False
1939,adm_1939_46,Тюменцевский,Алтайский край,adm_1939_61,Каменский,Алтайский край,97.043,same_parent,shared_boundary,False
1939,adm_1939_46,Тюменцевский,Алтайский край,adm_1939_47,Павловский,Алтайский край,28.999,same_parent,shared_boundary,False
1939,adm_1939_46,Тюменцевский,Алтайский край,adm_1939_50,Сузунский,Новосибирская область,45.833,cross_parent,shared_boundary,False
1939,adm_1939_137,Тяжинский,Новосибирская область,adm_1939_144,Зырянский,Новосибирская область,27.767,same_parent,shared_boundary,False
1939,adm_1939_137,Тяжинский,Новосибирская область,adm_1939_163,Тегульдетский,Новосибирская область,46.589,same_parent,shared_boundary,False
1939,adm_1939_127,Убинский,Новосибирская область,adm_1939_153,Бакчарский,Новосибирская область,99.387,same_parent,shared_boundary,False
1939,adm_1939_127,Убинский,Новосибирская область,adm_1939_91,Барабинский,Новосибирская область,45.521,same_parent,shared_boundary,False
1939,adm_1939_127,Убинский,Новосибирская область,adm_1939_77,Доволенский,Новосибирская область,29.518,same_parent,shared_boundary,False
1939,adm_1939_127,Убинский,Новосибирская область,adm_1939_82,Здвинский,Новосибирская область,41.106,same_parent,shared_boundary,False
1939,adm_1939_127,Убинский,Новосибирская область,adm_1939_128,Пихтовский,Новосибирская область,15.867,same_parent,shared_boundary,False
1939,adm_1939_127,Убинский,Новосибирская область,adm_1939_142,Северный,Новосибирская область,217.356,same_parent,shared_boundary,False
1939,adm_1939_169,Уватский,Омская область,adm_1939_172,Кондинский,Омская область,176.016,same_parent,shared_boundary,False
1939,adm_1939_169,Уватский,Омская область,adm_1939_174,Самаровский,Омская область,289.704,same_parent,shared_boundary,False
1939,adm_1939_4,Улаганский,Алтайский край,adm_1939_5,Онгудайский,Алтайский край,97.173,same_parent,shared_boundary,False
1939,adm_1939_126,Упоровский,Омская область,adm_1939_138,Исетский,Омская область,46.503,same_parent,shared_boundary,False
1939,adm_1939_126,Упоровский,Омская область,adm_1939_136,Ново-Заимский,Омская область,99.107,same_parent,shared_boundary,False
1939,adm_1939_126,Упоровский,Омская область,adm_1939_145,Ялуторовский,Омская область,45.421,same_parent,shared_boundary,False
1939,adm_1939_161,Усть-Ишимский,Омская область,adm_1939_165,Дубровинский,Омская область,72.694,same_parent,shared_boundary,False
1939,adm_1939_161,Усть-Ишимский,Омская область,adm_1939_162,Тевризский,Омская область,53.647,same_parent,shared_boundary,False
1939,adm_1939_161,Усть-Ишимский,Омская область,adm_1939_169,Уватский,Омская область,54.177,same_parent,shared_boundary,False
1939,adm_1939_15,Усть-Калманский,Алтайский край,adm_1939_20,Алейский,Алтайский край,24.71,same_parent,shared_boundary,False
1939,adm_1939_15,Усть-Калманский,Алтайский край,adm_1939_19,Быстро-Истокский,Алтайский край,25.014,same_parent,shared_boundary,False
1939,adm_1939_15,Усть-Калманский,Алтайский край,adm_1939_190,Краснощековский,Алтайский край,57.05,same_parent,shared_boundary,False
1939,adm_1939_15,Усть-Калманский,Алтайский край,adm_1939_24,Усть-Пристанский,Алтайский край,70.244,same_parent,shared_boundary,False
1939,adm_1939_15,Усть-Калманский,Алтайский край,adm_1939_9,Чарышский,Алтайский край,46.709,same_parent,shared_boundary,False
1939,adm_1939_188,Усть-Канский,Алтайский край,adm_1939_194,Алтайский,Алтайский край,1.994,same_parent,overlap_sliver_boundary,False
1939,adm_1939_188,Усть-Канский,Алтайский край,adm_1939_5,Онгудайский,Алтайский край,35.474,same_parent,shared_boundary,False
1939,adm_1939_188,Усть-Канский,Алтайский край,adm_1939_2,Усть-Коксинский,Алтайский край,120.303,same_parent,shared_boundary,False
1939,adm_1939_188,Усть-Канский,Алтайский край,adm_1939_9,Чарышский,Алтайский край,145.569,same_parent,shared_boundary,False
1939,adm_1939_188,Усть-Канский,Алтайский край,adm_1939_6,Шебалинский,Алтайский край,94.831,same_parent,shared_boundary,False
1939,adm_1939_2,Усть-Коксинский,Алтайский край,adm_1939_5,Онгудайский,Алтайский край,179.044,same_parent,shared_boundary,False
1939,adm_1939_24,Усть-Пристанский,Алтайский край,adm_1939_31,Топчихинский,Алтайский край,95.289,same_parent,shared_boundary,False
1939,adm_1939_24,Усть-Пристанский,Алтайский край,adm_1939_38,Троицкий,Алтайский край,17.952,same_parent,shared_boundary,False
1939,adm_1939_119,Усть-Тарский,Новосибирская область,adm_1939_123,Большереченский,Омская область,65.824,cross_parent,shared_boundary,False
1939,adm_1939_119,Усть-Тарский,Новосибирская область,adm_1939_124,Венгеровский,Новосибирская область,109.537,same_parent,shared_boundary,False
1939,adm_1939_119,Усть-Тарский,Новосибирская область,adm_1939_140,Муромцевский,Омская область,72.688,cross_parent,shared_boundary,False
1939,adm_1939_119,Усть-Тарский,Новосибирская область,adm_1939_96,Татарский,Новосибирская область,86.113,same_parent,shared_boundary,False
1939,adm_1939_49,Хабаровский,Алтайский край,adm_1939_60,Карасукский,Алтайский край,5.411,same_parent,shared_boundary,False
1939,adm_1939_49,Хабаровский,Алтайский край,adm_1939_59,Красноозерский,Алтайский край,88.336,same_parent,shared_boundary,False
1939,adm_1939_49,Хабаровский,Алтайский край,adm_1939_52,Панкрушихинский,Алтайский край,57.917,same_parent,shared_boundary,False
1939,adm_1939_164,Чаинский,Новосибирская область,adm_1939_170,Колпашевский (рц в г. Колпашево),Новосибирская область,181.536,same_parent,shared_boundary,False
1939,adm_1939_164,Чаинский,Новосибирская область,adm_1939_168,Парабельский,Новосибирская область,53.646,same_parent,shared_boundary,False
1939,adm_1939_100,Чановский,Новосибирская область,adm_1939_91,Барабинский,Новосибирская область,91.173,same_parent,shared_boundary,False
1939,adm_1939_100,Чановский,Новосибирская область,adm_1939_124,Венгеровский,Новосибирская область,81.561,same_parent,shared_boundary,False
1939,adm_1939_100,Чановский,Новосибирская область,adm_1939_120,Куйбышевский,Новосибирская область,72.282,same_parent,shared_boundary,False
1939,adm_1939_100,Чановский,Новосибирская область,adm_1939_76,Купинский,Новосибирская область,24.428,same_parent,shared_boundary,False
1939,adm_1939_100,Чановский,Новосибирская область,adm_1939_96,Татарский,Новосибирская область,88.891,same_parent,shared_boundary,False
1939,adm_1939_100,Чановский,Новосибирская область,adm_1939_81,Чистоозерный,Новосибирская область,62.877,same_parent,shared_boundary,False
1939,adm_1939_118,Чебулинский,Новосибирская область,adm_1939_130,Ижморский,Новосибирская область,37.836,same_parent,shared_boundary,False
1939,adm_1939_118,Чебулинский,Новосибирская область,adm_1939_93,Крапивенский,Новосибирская область,30.791,same_parent,shared_boundary,False
1939,adm_1939_118,Чебулинский,Новосибирская область,adm_1939_132,Мариинский,Новосибирская область,83.727,same_parent,shared_boundary,False
1939,adm_1939_118,Чебулинский,Новосибирская область,adm_1939_137,Тяжинский,Новосибирская область,3.527,same_parent,shared_boundary,False
1939,adm_1939_54,Черепановский,Новосибирская область,adm_1939_80,Искитимский,Новосибирская область,77.122,same_parent,shared_boundary,False
1939,adm_1939_54,Черепановский,Новосибирская область,adm_1939_84,Легостаевский,Новосибирская область,24.336,same_parent,shared_boundary,False
1939,adm_1939_54,Черепановский,Новосибирская область,adm_1939_71,Маслянинский,Новосибирская область,33.869,same_parent,shared_boundary,False
1939,adm_1939_62,Черлакский,Омская область,adm_1939_83,Оконешниковский,Омская область,69.321,same_parent,shared_boundary,False
1939,adm_1939_62,Черлакский,Омская область,adm_1939_72,Павлоградский,Омская область,119.195,same_parent,shared_boundary,False
1939,adm_1939_62,Черлакский,Омская область,adm_1939_81,Чистоозерный,Новосибирская область,47.333,cross_parent,shared_boundary,False
1939,adm_1939_81,Чистоозерный,Новосибирская область,adm_1939_83,Оконешниковский,Омская область,13.399,cross_parent,shared_boundary,False
1939,adm_1939_81,Чистоозерный,Новосибирская область,adm_1939_96,Татарский,Новосибирская область,88.723,same_parent,shared_boundary,False
1939,adm_1939_22,Чойский,Алтайский край,adm_1939_5,Онгудайский,Алтайский край,45.442,same_parent,shared_boundary,False
1939,adm_1939_22,Чойский,Алтайский край,adm_1939_23,Турочакский,Алтайский край,121.933,same_parent,shared_boundary,False
1939,adm_1939_22,Чойский,Алтайский край,adm_1939_4,Улаганский,Алтайский край,6.07,same_parent,shared_boundary,False
1939,adm_1939_112,Чулымский,Новосибирская область,adm_1939_98,Коченевский,Новосибирская область,171.157,same_parent,shared_boundary,False
1939,adm_1939_112,Чулымский,Новосибирская область,adm_1939_66,Кочковский,Новосибирская область,26.92,same_parent,shared_boundary,False
1939,adm_1939_112,Чулымский,Новосибирская область,adm_1939_67,Ордынский,Новосибирская область,67.63,same_parent,shared_boundary,False
1939,adm_1939_112,Чулымский,Новосибирская область,adm_1939_128,Пихтовский,Новосибирская область,50.252,same_parent,shared_boundary,False
1939,adm_1939_112,Чулымский,Новосибирская область,adm_1939_127,Убинский,Новосибирская область,63.051,same_parent,shared_boundary,False
1939,adm_1939_73,Шарбак-Кульский,Омская область,adm_1939_75,Азовский,Омская область,61.059,same_parent,shared_boundary,False
1939,adm_1939_73,Шарбак-Кульский,Омская область,adm_1939_85,Марьяновский,Омская область,57.537,same_parent,shared_boundary,False
1939,adm_1939_73,Шарбак-Кульский,Омская область,adm_1939_87,Москаленский,Омская область,41.0,same_parent,shared_boundary,False
1939,adm_1939_143,Шегарский,Новосибирская область,adm_1939_153,Бакчарский,Новосибирская область,67.376,same_parent,shared_boundary,False
1939,adm_1939_143,Шегарский,Новосибирская область,adm_1939_158,Кривошеинский,Новосибирская область,104.507,same_parent,shared_boundary,False
1939,adm_1939_143,Шегарский,Новосибирская область,adm_1939_200,Томский (рц в г. Томске),Новосибирская область,72.875,same_parent,shared_boundary,False
1939,adm_1939_143,Шегарский,Новосибирская область,adm_1939_149,Туганский,Новосибирская область,43.902,same_parent,shared_boundary,False
1939,adm_1939_21,Шипуновский,Алтайский край,adm_1939_29,Мамонтовский,Алтайский край,37.619,same_parent,shared_boundary,False
1939,adm_1939_21,Шипуновский,Алтайский край,adm_1939_36,Парфеновский,Алтайский край,20.82,same_parent,shared_boundary,False
1939,adm_1939_177,Шурышкарский,Омская область,adm_1939_diss_3476162,Приуральский,Омская область,393.733,same_parent,shared_boundary,False
1939,adm_1939_187,Элекмонарский,Алтайский край,adm_1939_5,Онгудайский,Алтайский край,84.24,same_parent,shared_boundary,False
1939,adm_1939_187,Элекмонарский,Алтайский край,adm_1939_22,Чойский,Алтайский край,48.467,same_parent,shared_boundary,False
1939,adm_1939_187,Элекмонарский,Алтайский край,adm_1939_6,Шебалинский,Алтайский край,81.553,same_parent,shared_boundary,False
1939,adm_1939_146,Юргинский,Омская область,adm_1939_148,Аромашевский,Омская область,42.801,same_parent,shared_boundary,False
1939,adm_1939_146,Юргинский,Омская область,adm_1939_157,Вагайский,Омская область,68.538,same_parent,shared_boundary,False
1939,adm_1939_197,Юргинский,Новосибирская область,adm_1939_95,Тогучинский,Новосибирская область,32.148,same_parent,shared_boundary,False
1939,adm_1939_197,Юргинский,Новосибирская область,adm_1939_200,Томский (рц в г. Томске),Новосибирская область,36.456,same_parent,shared_boundary,False
1939,adm_1939_146,Юргинский,Омская область,adm_1939_201,Ярковский,Омская область,40.151,same_parent,shared_boundary,False
1939,adm_1939_145,Ялуторовский,Омская область,adm_1939_151,Тюменский (рц в г. Тюмени),Омская область,101.541,same_parent,shared_boundary,False
1939,adm_1939_145,Ялуторовский,Омская область,adm_1939_146,Юргинский,Омская область,50.578,same_parent,shared_boundary,False
1939,adm_1939_145,Ялуторовский,Омская область,adm_1939_201,Ярковский,Омская область,37.851,same_parent,shared_boundary,False
